docs/hooks.md
  s_ad34c75736933e::t_84d7f2889c6c6b 3-5,19,22,27,31,37-38,63-64,71-73,81,91,94,96,100,103,106,112-115,119,123-125,127,144,151-152,155,168,178
profiles/default/prompts/atomic-learning-extraction.txt
  s_ad34c75736933e::t_84d7f2889c6c6b 7,18,22
src/mcp/render.ts
  s_ad34c75736933e::t_84d7f2889c6c6b 143,211,284,357-358,431,447,553
evals/prompts/longmemeval-agent-system-wake-up.txt
  s_ad34c75736933e::t_84d7f2889c6c6b 2
src/core/topology.test.ts
  s_ad34c75736933e::t_84d7f2889c6c6b 7,11,50
src/hooks/derive-stop-auth-source.test.ts
  s_ad34c75736933e::t_84d7f2889c6c6b 27,62,64
src/mcp/tools/project.ts
  s_ad34c75736933e::t_84d7f2889c6c6b 3,15,20,55,60,109,126,128,131,160
src/cli/commands/migrate/topic-merge.ts
  s_ad34c75736933e::t_84d7f2889c6c6b 5,140
src/cli/commands/pinned.ts
  s_ad34c75736933e::t_84d7f2889c6c6b 2,5,9,25,131
src/services.ts
  s_ad34c75736933e::t_a94709f6b29724 371-373
  s_ad34c75736933e::t_84d7f2889c6c6b 7,64,67,80,87-92,95,110,151,153,159,163,170,211,238,251,263,272-273,280-282,342,359-360,364,386,388,390,392,394,396,406,408,427,430,435,463,467,481,529,531,538,554,571,573,681,687,700-701,724,726,730,778,845,848,851,858,861,864,868,873-875,884,934
.github/workflows/ci.yml
  s_ad34c75736933e::t_0798f5af22cec2 8
  s_ad34c75736933e::t_84d7f2889c6c6b 109,112,115-116
tools/probe-retrieve-markdown.mjs
  s_ad34c75736933e::t_84d7f2889c6c6b 4,15,18,46,82-83,87,92,99,104,114,127,134,136,300
src/cli/AGENTS.md
  s_ad34c75736933e::t_84d7f2889c6c6b 9,38-63,73
  s_ad34c75736933e::t_a94709f6b29724 36-37
src/core/memory-subject.test.ts
  s_ad34c75736933e::t_84d7f2889c6c6b 10,15
src/cli/commands/search.ts
  s_ad34c75736933e::t_84d7f2889c6c6b 82,94
src/eval/bench-runner-types.ts
  s_ad34c75736933e::t_84d7f2889c6c6b 266,268
src/mcp/cost-tracking.test.ts
  s_ad34c75736933e::t_84d7f2889c6c6b 9,48-49,54-55,60,70,76,103,112,153,162-164,176,186,195,225,234-236,240,259,268-270,274,288,322,335,348,360,369,382,391,396,406,414,428,437,441,444,543,545,611
.mcp.json
  s_ad34c75736933e::t_84d7f2889c6c6b 3-4,9-11
docs/cli-command-contracts.md
  s_ad34c75736933e::t_84d7f2889c6c6b 55,60
src/eval/skill-agent.test.ts
  s_ad34c75736933e::t_84d7f2889c6c6b 6,20,24,30,33,41,60,71,91,99,130,137,140,148,177,184,193,201,209,214,235,238,246,291,294,302,349,357,388,396,431,437,440,448,474,477,485,517-518,524,531,623,625,631,693,700
src/hooks/lock-name-too-long.test.ts
  s_ad34c75736933e::t_84d7f2889c6c6b 5,24-25,154,156,181,221
tests/setup-runtool-flag.ts
  s_ad34c75736933e::t_84d7f2889c6c6b 6,17,20,25,41-45,50
src/cli/commands/migrate/fact-sources.ts
  s_ad34c75736933e::t_84d7f2889c6c6b 1,19,22,98,105
evals/bench-suites/longmemeval-conversational-autosave.yaml
  s_ad34c75736933e::t_84d7f2889c6c6b 17
evals/task-suites/longitudinal.yaml
  s_ad34c75736933e::t_84d7f2889c6c6b 4,7-9,13
src/core/digest.ts
  s_ad34c75736933e::t_84d7f2889c6c6b 3,21,254
src/core/context.test.ts
  s_ad34c75736933e::t_84d7f2889c6c6b 9,36,86
src/core/fact.test.ts
  s_ad34c75736933e::t_84d7f2889c6c6b 1637,1884,1913,1945-1946,2006,2132,2171-2172,2501,2771,2865,3055
docs/cli/contracts/status.md
  s_ad34c75736933e::t_84d7f2889c6c6b 5,31,51,74,76,81,87,100
src/core/fact-create.test.ts
  s_ad34c75736933e::t_84d7f2889c6c6b 160
src/core/memory-topic-key.ts
  s_ad34c75736933e::t_ba2bdf77e9597d 403
  s_ad34c75736933e::t_84d7f2889c6c6b 12,52,77,144,189,284-285,304,640,645,654,656,712,738,742,751,906,916,969,1053,1170,1291,1362,1374,1414,1458
src/cli/commands/decision.ts
  s_ad34c75736933e::t_84d7f2889c6c6b 3,118
docs/notion-sdk-v5.md
  s_ad34c75736933e::t_84d7f2889c6c6b 3,59,107
src/cli/commands/procedures.ts
  s_ad34c75736933e::t_84d7f2889c6c6b 2,28,74,103,105,122,132,222,535,604,607,620,680,692
evals/memory-quality/corpus.json
  s_ad34c75736933e::t_84d7f2889c6c6b 24-26,46-48,54,63-65,80-82
src/cli/commands/digest.ts
  s_ad34c75736933e::t_84d7f2889c6c6b 22-23,41,76,91,96,162,184-185,201,205
src/core/decision.ts
  s_ad34c75736933e::t_84d7f2889c6c6b 12,44,57-58,126,335-336,437-438,455,550,578
docs/cli/contracts/migrate.md
  s_ad34c75736933e::t_84d7f2889c6c6b 5,30,103,122-123,130
src/auth/identity.ts
  s_ad34c75736933e::t_84d7f2889c6c6b 4,8-9,19,170,204,215,217,232,244-245
src/mcp/tools/pinned.test.ts
  s_ad34c75736933e::t_84d7f2889c6c6b 2,161,166,177,183,187,193,237,266,282,290,312,341,360,375,383,414,433,453,466,492,513,526,618,635,674,694,705,732,769,800,855,864,905,947,960,970-971,984,1006,1030,1053,1061,1084,1105,1126,1173,1179
src/cli/commands/eval.ts
  s_ad34c75736933e::t_84d7f2889c6c6b 36,334,373,375-376,445,488,494,498,510,574,582,648,654,701-704,708,714,726,939,1036,1085-1086,1092-1094,1146,1176-1177,1179,1404,1485,1682,1694,1703,1713,1745,1770,1792,1803,1833,1843,1853,1886,1898,1900,1921,1940,1951,1963,1982,1992-1993,2005
  s_ad34c75736933e::t_a94709f6b29724 1669-1672
src/cli/commands/migrate/encoding.ts
  s_ad34c75736933e::t_84d7f2889c6c6b 1,34,87,109,122,146,216
src/core/memory-search.ts
  s_ad34c75736933e::t_84d7f2889c6c6b 22,103-104,117,130,134,172,294,341,346,352,359,361,370,372,383,386,388-389,396,398,404,414,418,426,470,472,498,697,818,820,1049,1051,1094,1486-1487,1509,1600,1609,1716,1718
src/core/topology-readers.ts
  s_ad34c75736933e::t_84d7f2889c6c6b 5,20,25,39,51,54,70,74,89,119-120,131,141,170,172,179,201,210,212,251,255,261,267,270,272
src/cli/commands/promote.test.ts
  s_ad34c75736933e::t_84d7f2889c6c6b 24,27,121,133,152
CHANGELOG.md
  s_ad34c75736933e::t_17ef6a6ffe40a9 19-21
  s_ad34c75736933e::t_80725f24af1384 3-4,14-18
  s_ad34c75736933e::t_6164ccce6e730a 37
src/auth/forwarded-env.ts
  s_ad34c75736933e::t_84d7f2889c6c6b 2,8,33,38,43,52,60,85,93,96,107-108,126,149,170,177,179,206,224-225
src/notion/runtool/consumers.md
  s_ad34c75736933e::t_a94709f6b29724 28-34,54,66,93,128,141,163-164,212
  s_ad34c75736933e::t_84d7f2889c6c6b 35-36,41,96,131,168
src/cli/commands/hooks.ts
  s_ad34c75736933e::t_84d7f2889c6c6b 5,25,30-31,34,38,57,69
src/eval/task-runner/codex-adapter.ts
  s_ad34c75736933e::t_84d7f2889c6c6b 56,163-164,222,246,266,278-280,300-303,306,308,318,334,459,481,626,632,702,708,868
src/eval/task-runner/schema.ts
  s_ad34c75736933e::t_84d7f2889c6c6b 17,121,124,233,264,270,366,460,495,526,626,645,653,662,668,698,730
  s_ad34c75736933e::t_a94709f6b29724 165-169
src/cli/output.ts
  s_ad34c75736933e::t_84d7f2889c6c6b 2,39,41,71
src/core/cache.ts
  s_ad34c75736933e::t_84d7f2889c6c6b 6-7
src/core/task-reconcile.ts
  s_ad34c75736933e::t_84d7f2889c6c6b 45,73,84,145,545
src/notion/client.ts
  s_ad34c75736933e::t_84d7f2889c6c6b 12,49-50,56,89,94,106,115,118,129-130,416,421,425,431
src/core/task.test.ts
  s_ad34c75736933e::t_84d7f2889c6c6b 167,252
docs/archive/mcp-tool-history.md
  s_ad34c75736933e::t_84d7f2889c6c6b 12,14-15,17,45,53,57,72,76,78,84,89,98,100,109,117,124,126,134,140,143-150,152-155
src/eval/bench-cleanup.test.ts
  s_ad34c75736933e::t_84d7f2889c6c6b 26-27,30-31,34-35,38
evals/workspaces/add-readme/index.js
  s_ad34c75736933e::t_84d7f2889c6c6b 3
docs/cli/contracts/digest.md
  s_ad34c75736933e::t_84d7f2889c6c6b 5,7,13
src/core/procedure.ts
  s_ad34c75736933e::t_84d7f2889c6c6b 5,17,37,72,244,514,551,618-619,696,906
src/eval/skill-retrieval.ts
  s_ad34c75736933e::t_84d7f2889c6c6b 11-12,284,297,302,383,552,672,701,798,912,938,1025,1251-1252,1259,1378,1386,1532
  s_ad34c75736933e::t_d8fd261854f52f 1923,1930
src/eval/task-runner/kennen-adapter.ts
  s_ad34c75736933e::t_a94709f6b29724 19,27-29,35-36,38,40-43,54,57,62,73-74,81,83,86,105,112,127,129,131-132,135-136,147,153,168,185-186,277-280,284,288,294,326,353,396,405-407,413,418,435-441,444,451,502
src/cli/commands/doctor.ts
  s_ad34c75736933e::t_a94709f6b29724 908-910,975-977,1074-1076,1085-1086,1259-1262,1266-1269,1492-1495
  s_ad34c75736933e::t_84d7f2889c6c6b 14,53,55,65,115,222,246-247,255,266-267,290,299,301,303,309,327,382,384,397-398,402,441,457,464,466-467,481-483,566,628,636,641,646-647,649,651,656-657,659-660,662,667,671-672,678,688-689,692,695,699,702,707,710,715,722,742,744,763-765,768-769,776-777,791,793,796-797,806-807,827-828,851,857-858,861,863,872,875,884,887,914,937,954,980,993,1000,1008-1009,1019-1020,1030,1035,1041,1045,1047,1056,1060-1061,1067-1068,1080-1081,1084,1089-1090,1114,1125,1135-1136,1153,1161,1166,1169-1170,1179-1180,1190,1196,1201,1206,1209,1211-1212,1227,1241-1242,1245-1246,1272,1311,1315,1448-1451,1457,1460,1463,1465,1467,1470,1473,1475-1477,1496,1501-1503,1505,1510,1512,1525,1527,1530,1532
evals/memory/noisy-upstream-inheritance.yaml
  s_ad34c75736933e::t_84d7f2889c6c6b 3
src/notion/setup.test.ts
  s_ad34c75736933e::t_84d7f2889c6c6b 399-400,407,412,414,634,662,683,720,1098,1158,1160,1191,1218-1219,1250
src/mcp/helpers.ts
  s_ad34c75736933e::t_84d7f2889c6c6b 14,24,26,71,76,116,183,185,191,195,212,222,224,234,237,243,254-256,265,267,319,329,331,337,360
src/hooks/prompts.ts
  s_ad34c75736933e::t_84d7f2889c6c6b 62,70,141,160-164,166,174,194,199,204,214,220,226-228,232-233,237,239-242,246,257,259-262,289,301,304,324,334,352,363,367,375,382-383,394,441,454,459,463,485,488-489,491,515,517,526,533
src/core/fact-confidence-audit.ts
  s_ad34c75736933e::t_84d7f2889c6c6b 1,105
evals/task-suites/longitudinal-werkzeug-epic-v2.yaml
  s_ad34c75736933e::t_84d7f2889c6c6b 4,12-13,75,78,160
src/notion/runtool/update-page.test.ts
  s_ad34c75736933e::t_84d7f2889c6c6b 36-38,41,44-45,50-51,62,78,81-82,93,98,109,233
src/core/wakeup.test.ts
  s_ad34c75736933e::t_84d7f2889c6c6b 684,1488-1489,1495
src/notion/html-entities.ts
  s_ad34c75736933e::t_84d7f2889c6c6b 2
src/auth/AGENTS.md
  s_ad34c75736933e::t_84d7f2889c6c6b 7,9,24,37,49,59-60,84,101,103,105,107,123-124,127,130,149-150,157,164-165,173-174,178,182,186,191-192
  s_ad34c75736933e::t_a94709f6b29724 19-23
src/cli/commands/migrate/dedup-keys.ts
  s_ad34c75736933e::t_84d7f2889c6c6b 1,4
docs/team-rollout.md
  s_ad34c75736933e::t_d8fd261854f52f 181
  s_ad34c75736933e::t_84d7f2889c6c6b 1,3,7,17,20-22,24,30-31,34,40,46,49,55-56,59,61,68,73,78,83,86-87,92-93,98-99,103-104,108,110,112,116-117,122,129,131,139,141,145-146,152,160-161,163,169,176,180,184-186,188,190,193,195-196,201,209,216,223,232,237,240,247,255,265,270,273,275,282-283,290-295,299,303-304,309-311,315,329
src/core/topology-status.ts
  s_ad34c75736933e::t_84d7f2889c6c6b 18,63,79,223
src/core/vault.ts
  s_ad34c75736933e::t_84d7f2889c6c6b 2,86-87,107,112,115,125,186,190-191,193,210
src/eval/bench-cost.ts
  s_ad34c75736933e::t_84d7f2889c6c6b 180
src/mcp/cost-tracking.ts
  s_ad34c75736933e::t_84d7f2889c6c6b 10,30,63,75-76,84
src/services-init.test.ts
  s_ad34c75736933e::t_84d7f2889c6c6b 6,157,165,167,176
src/mcp/help.ts
  s_ad34c75736933e::t_84d7f2889c6c6b 17,27,32,35,48,52,55,60,65,70,73,86,91,102,116,130,134,145,152-153,157,161,169,174,187,200,213,228,246,258,278,285,295,302,310,320,327,331,335,339,345,349,356,360,364,367,370,381,393,405,410,416,420,422,429,435,442,453,461,466,482,493,495,504,511,515,525,529,539,555,568,583,588,595,604,611,616,620,627,633,638,641,645,651,663,668,679,686-687,689-690,705-706,718-719,727,748,753,755
src/mcp/resolve.test.ts
  s_ad34c75736933e::t_84d7f2889c6c6b 3-4,17,31,34,55,58,201,206
README.md
  s_ad34c75736933e::t_84d7f2889c6c6b 1,10,18,26,45-46,49-50,57,60,63,78-79,84,89-91,101,108,113-114,117,127,136,139,149-153,163,176-177,182,184,195,199,211,214-215,233,237,242,249-250,255,259,262-264,266,272-274,278,280,282,291,293,297,300,302-304,306,308,312,314-315,329,331,334-335,340,349-350,352,366-368,377,382-384,386,390-392,398,408-409,411-420,422,431,433,435,439,448,451-453,512,529-533,538
  s_ad34c75736933e::t_d8fd261854f52f 31,33
  s_ad34c75736933e::t_0798f5af22cec2 41-42
src/cli/hook-disclosure.test.ts
  s_ad34c75736933e::t_84d7f2889c6c6b 6,45,47-49,51-52,54,64,146,153,156,163
src/core/fact-observed-at-migration.ts
  s_ad34c75736933e::t_84d7f2889c6c6b 4,9,25,33,42,125,135,163,249
docs/memory-debt.md
  s_ad34c75736933e::t_84d7f2889c6c6b 3,6,17-18,20,48,52-54,161,196-197,200-201,204-206,210,212,215-216,219,226,229,231,238,271,297,317-318
src/eval/bench-ingest.ts
  s_ad34c75736933e::t_84d7f2889c6c6b 77,80,133,280-281
src/notion/filters.ts
  s_ad34c75736933e::t_84d7f2889c6c6b 250-251,269-270
src/core/task.ts
  s_ad34c75736933e::t_84d7f2889c6c6b 16,22,57,169,172,220,249,356,391,540,583,638,666,831,1005,1139,1167,1283-1284,1379-1380
src/cli/commands/install/index.ts
  s_ad34c75736933e::t_84d7f2889c6c6b 142,203,206,223,249,261,302-303
src/index.ts
  s_ad34c75736933e::t_84d7f2889c6c6b 33,70
  s_ad34c75736933e::t_a94709f6b29724 145-155
src/cli/commands/init.test.ts
  s_ad34c75736933e::t_84d7f2889c6c6b 2,207-209,218,225,294,319,333,337-339,375,387,396,398,402,404-405,431,451,464,500,579,586,596,598,607,646,676,682,712,811,836,842,848,850,860,900,910,919,928,965,1033,1154,1158,1162,1176,1226,1252,1279,1310,1314,1327-1328,1357,1364,1396,1398,1426,1488,1551,1554,1557,1562,1584,1611,1639,1694,1737,1753,1769-1770,1780,1783,1834,1851,1871,1916,1936,1955
src/eval/skill-retrieval-fetch.test.ts
  s_ad34c75736933e::t_84d7f2889c6c6b 22,70
.github/workflows/publish.yml
  s_ad34c75736933e::t_d8fd261854f52f 47
src/mcp/render.test.ts
  s_ad34c75736933e::t_84d7f2889c6c6b 108,158-160,243,250,258,266,754,1064
src/core/fact-encoding.ts
  s_ad34c75736933e::t_84d7f2889c6c6b 4,12
docs/archive/cli-evidence.md
  s_ad34c75736933e::t_84d7f2889c6c6b 13,17,19
src/cli/commands/tasks.ts
  s_ad34c75736933e::t_84d7f2889c6c6b 5,39,53-54,89,92,95,159,230,288,295,300-302,355,407,411,422,426,509,554,556,566,598,626,640,661,667-668,917,1067,1248,1444,1453,1487,1493
src/hooks/lock.test.ts
  s_ad34c75736933e::t_84d7f2889c6c6b 6,24-25
src/cli/commands/migrate/fact-observed-at.ts
  s_ad34c75736933e::t_84d7f2889c6c6b 1,18,52,76,79,87
src/core/topology-status.test.ts
  s_ad34c75736933e::t_84d7f2889c6c6b 14,17,219
src/hooks/agent-identity.test.ts
  s_ad34c75736933e::t_84d7f2889c6c6b 71,73
profiles/conversational/prompts/autosave-extraction-filter.txt
  s_ad34c75736933e::t_84d7f2889c6c6b 12,17
src/notion/runtool/query.ts
  s_ad34c75736933e::t_84d7f2889c6c6b 11,42,152,253,362,374,652,754
src/core/wakeup-coverage.ts
  s_ad34c75736933e::t_84d7f2889c6c6b 224
docs/evals.md
  s_ad34c75736933e::t_84d7f2889c6c6b 1,3,40,48-49,66,68,71,73,75,89,112,120,146,161,163,166,174-175,181,231-232,237,240,246-247,252,259-260,262,268,270,279,343,350,368,380-383,386,392,396,402-405,412,419,441-442,446-447,460-461,473,485-488,526,529,532-536
src/core/near-duplicate.ts
  s_ad34c75736933e::t_84d7f2889c6c6b 2-3,30-31,73,131,179-180,186,189,210-211,213,217,259,386,389,813,817,823,826,854,856,919,932,939,941,943,988,1378,1382,1387,1407
src/mcp/tools/context.test.ts
  s_ad34c75736933e::t_84d7f2889c6c6b 9,18,155,293,314,385,387,420,536-538,544,546,557-558,567,599,628,638,662,688,700,705,724,732-733,738,760,787,813,824,834,854,863,887,898,921,932,948,986,1022,1045,1067,1097,1112,1133,1182,1240,1279,1315,1323,1328,1357,1381,1399,1430,1453,1480,1525,1548,1571,1596,1614,1629,1646,1656,1671,1691,1696,1728,1740-1742,1769,1779,1781,1803,1818,1849,1877,1893,1923,1948,1980,2019,2029,2050,2075,2100,2134,2163,2185,2197,2216,2223,2271,2321,2326,2330,2346,2364,2387,2399,2416,2475,2487,2523,2543,2575,2608,2667,2681,2720,2750,2764,2785,2793,2802-2803,2817,2839,2857,2899,2936,2972,3020,3040,3055,3068,3092,3118,3136,3162,3171,3176,3191,3203,3205,3216,3223,3225,3230,3232,3245,3252,3254,3256,3268,3271,3281,3289,3321,3359,3375,3412,3441,3468,3511,3532,3551,3566,3577,3588,3607,3629,3648,3653,3663,3668,3670,3677,3680,3709,3752,3769,3790,3807
src/mcp/tools/memory-promote.test.ts
  s_ad34c75736933e::t_84d7f2889c6c6b 17,94,115,138,148,152,175,206,232,265,293,313,321,345,371,416
src/core/prompts/conflict-judge.ts
  s_ad34c75736933e::t_84d7f2889c6c6b 6,17,100
evals/task-suites/longitudinal-sqlalchemy-modelhard-v1.yaml
  s_ad34c75736933e::t_84d7f2889c6c6b 4,15-16,38,67,88,91,100,208
src/cli/commands/memory.ts
  s_ad34c75736933e::t_84d7f2889c6c6b 2,221,285
docs/core/retrieval.md
  s_ad34c75736933e::t_84d7f2889c6c6b 73,92,101,104,133,165-167,228,271-272,277,279,292,296,309,311,388,427,443,449,487,492,494,496-497,499
src/notion/runtool/client.ts
  s_ad34c75736933e::t_84d7f2889c6c6b 39
src/cli/commands/inbox.test.ts
  s_ad34c75736933e::t_84d7f2889c6c6b 11,14,52,84,86,110,163
evals/skill-agent/manifests/skillret-readonly-agent-5x500-v1.json
  s_ad34c75736933e::t_84d7f2889c6c6b 58,61
src/core/fact-confidence-migration.test.ts
  s_ad34c75736933e::t_84d7f2889c6c6b 2,95
src/notion/runtool/compat.test.ts
  s_ad34c75736933e::t_84d7f2889c6c6b 510,672-673,677-678,682,691,720,848,856,881,892,906,980,1067,1154,1197,1244,1317,1392,1447,1449-1450,1684-1687,1692,1694,1697,1699,1706,1715,1768,1774,1838,1855,1882,1910,1915-1916,1926-1927
docs/memory-workflows.md
  s_ad34c75736933e::t_84d7f2889c6c6b 1,3,9,12,14-15,19,23,29,32,34,57,75-76,84,90,103,109,127,129,132,139,154-155,167,171-174,184,195,199,215-217,223,225,237,240,244-245,247,254,258,280,282,287,294-297,310,317,343,345,347,349,391-393,395,402-403,405-407,409-412,423-428
src/profile/resolution.test.ts
  s_ad34c75736933e::t_84d7f2889c6c6b 33,52,66,91,109,121,127
evals/prompts/longmemeval-ingest-extract.txt
  s_ad34c75736933e::t_84d7f2889c6c6b 1
src/cli/commands/debt.test.ts
  s_ad34c75736933e::t_84d7f2889c6c6b 2,17,28,117,131,137,140,143,179,184,235-236,380,430,891,907,910,922,926,939
src/core/memory-compare.ts
  s_ad34c75736933e::t_84d7f2889c6c6b 13,49,109,271,509,595,597,625
src/core/topic-merge.ts
  s_ad34c75736933e::t_84d7f2889c6c6b 838
src/cli/commands/install/preflight.ts
  s_ad34c75736933e::t_a94709f6b29724 588-590,778-780,962-964,985-987
  s_ad34c75736933e::t_84d7f2889c6c6b 12,34,45-46,141,219,228,249-250,253,275,278,288-289,293,308,313,325-326,329,334,346,374,403,411,429,438,462,479,485,488,497,500,514,522,526-527,549,561,586,591,613,624,655,658,661,663,675,684,686,691,700,720,723-724,728,733,739,758,794,806,819,828,835,852,869,874,885,893,903,920,923,933,942,948,966,974,984,999,1006,1022,1027,1050,1053-1055,1060,1103,1117,1152,1181,1196,1200,1207,1218,1228
src/types/domain.ts
  s_ad34c75736933e::t_84d7f2889c6c6b 2,79,89,101,103,169,222,232,255,257-258,261,265,340,379,388,402,410,476,511,580,660,670,673,812,830,894,896,909,1063,1075,1103,1129-1130,1140
evals/task-suites/longitudinal-github-cli-powered-candidates.yaml
  s_ad34c75736933e::t_84d7f2889c6c6b 4,20-21
docs/evals-httpx-public-spec-20260528.md
  s_ad34c75736933e::t_84d7f2889c6c6b 14,39,43,48,50,53-54,56-57,60,67,91-92,102-103,108,126
evals/workspaces/feature-flag/package.json
  s_ad34c75736933e::t_84d7f2889c6c6b 2
src/mcp/tools/pinned.ts
  s_ad34c75736933e::t_84d7f2889c6c6b 2,5,11,14,28,43,52,149,151,155,190,231,334,346,374,377,387-388,517,543,654,709,712,769,783,875,894
  s_ad34c75736933e::t_a94709f6b29724 665-668
src/policy/pinned.ts
  s_ad34c75736933e::t_84d7f2889c6c6b 27,47,67-68
evals/task-suites/longitudinal-django-modelhard-v1.yaml
  s_ad34c75736933e::t_84d7f2889c6c6b 4,18-19,36,42,60,64,76,88,165,184,186,204,208,220,230,305,324,330,348,352,364,374,446,465,467,485,489,501,511,583,602,604,622,626,638,650,707,726,728,746,750,762,773,842
src/mcp/tools/knowledge.ts
  s_ad34c75736933e::t_84d7f2889c6c6b 3,40-41,47,50-51,80-81,92,101,109-110,128,184,216,222,274,282,351,472,504,517,534,692-699,748,790,807,810,818-819,886
  s_ad34c75736933e::t_a94709f6b29724 795-798
tools/check-version-sync.mjs
  s_ad34c75736933e::t_84d7f2889c6c6b 134-135,226
docs/notion-rate-limit.md
  s_ad34c75736933e::t_84d7f2889c6c6b 42,60,63,66-67,71,118,128
.gitignore
  s_ad34c75736933e::t_84d7f2889c6c6b 10-13,24,49
src/mcp/tools/context/digest.ts
  s_ad34c75736933e::t_84d7f2889c6c6b 1,8,35
src/hooks/transcript.test.ts
  s_ad34c75736933e::t_84d7f2889c6c6b 66,88,95
evals/bench-corpora/longmemeval/tests/mcp-env-probe.mjs
  s_ad34c75736933e::t_84d7f2889c6c6b 23,40,44,71,82,111,115,158,226
docs/evals-github-cli-powered-20260527.md
  s_ad34c75736933e::t_84d7f2889c6c6b 11,79-80,88-89,93,95-96,100,115,124,131,186
src/core/fact-observed-at-migration.test.ts
  s_ad34c75736933e::t_84d7f2889c6c6b 2,93
src/core/project.ts
  s_ad34c75736933e::t_84d7f2889c6c6b 129
src/cli/commands/migrate.test.ts
  s_ad34c75736933e::t_84d7f2889c6c6b 106,947,950,1159,1251,1256,1258,1279,1288,1577,1579,1583-1584,1595,1597,1787-1788,1794,1796,2243,2248
src/core/memory-list.ts
  s_ad34c75736933e::t_84d7f2889c6c6b 28,93,95,168,469,479
src/cli/commands/install/background.ts
  s_ad34c75736933e::t_84d7f2889c6c6b 2,17,20,35,42,49,51,55,103,124,127,129,135,145,160,168,171,177,181,188
  s_ad34c75736933e::t_a94709f6b29724 150-152
src/policy/memory-synopsis.ts
  s_ad34c75736933e::t_84d7f2889c6c6b 1,5,10
src/core/topology-readers.test.ts
  s_ad34c75736933e::t_84d7f2889c6c6b 4,71,76,141,146-147,169,176,181-182,185,188-189,197-198,213,227-228,245-246,331,334,343-344,363-364,367,379-380,392
src/core/fact-synthesis.ts
  s_ad34c75736933e::t_84d7f2889c6c6b 58
evals/bench-suites/longmemeval-simulated-autosave.yaml
  s_ad34c75736933e::t_84d7f2889c6c6b 26
tools/validate-task-suite-hidden-verifiers.mjs
  s_ad34c75736933e::t_84d7f2889c6c6b 49
docs/authentication.md
  s_ad34c75736933e::t_84d7f2889c6c6b 3,17,42,56-57,65,68,70-71,77,85,89,97,104,106,128-129,132,147,151,153,158,165,167-168,170,172,175,177-178,183,185,189,205-206,208,216,220,233,240,248,253,258,267,287,291,296-298,300,302-304,306,310,323-324,326,345,351,366,373,378,381,393-399
src/cli/commands/digest.test.ts
  s_ad34c75736933e::t_84d7f2889c6c6b 38,75,193,228
src/eval/runner.test.ts
  s_ad34c75736933e::t_84d7f2889c6c6b 10,14,30,32,78,87-88,106-107,133-134,145-146,164-165,181-182,209-210,230-231,258-259,277-278,302-303,320-321,345-346,368-369,393-394,417-418,444-445,467-468,494-495,519-520,546-547,564-565,657-658,674-675,728-729,739-740,765-766,776-777,793-794,814-815,841-842,862-863,891
profiles/conversational/prompts/atomic-learning-extraction.txt
  s_ad34c75736933e::t_84d7f2889c6c6b 8,18
src/eval/skill-use.test.ts
  s_ad34c75736933e::t_84d7f2889c6c6b 74,128,147
src/notion/scope-builder.test.ts
  s_ad34c75736933e::t_84d7f2889c6c6b 141,144
src/hooks/digest-marker.ts
  s_ad34c75736933e::t_84d7f2889c6c6b 3,16
src/notion/live-pages.ts
  s_ad34c75736933e::t_84d7f2889c6c6b 6,49,158,169,184,195
src/notion/schema.ts
  s_ad34c75736933e::t_84d7f2889c6c6b 2,292,305,324,459,464,581,600,645-646,650,652,673,703,718,724,897,1308
evals/longitudinal/workspaces/result-boundary/package.json
  s_ad34c75736933e::t_84d7f2889c6c6b 2
evals/task-suites/longitudinal-github-cli-contracts-v2.yaml
  s_ad34c75736933e::t_84d7f2889c6c6b 4,17-18,73,77,106,159,163,192,245,249,276,329,333,362,416,420,449,502,506,535,589,593,621
src/core/memory-review.ts
  s_ad34c75736933e::t_84d7f2889c6c6b 4,16,19,46,102,111,125,132-133,148
src/errors.ts
  s_ad34c75736933e::t_84d7f2889c6c6b 1,3-6,8,11,165-167,169,171,176,180,186-187,197,208,215-216
src/core/decision-graph.ts
  s_ad34c75736933e::t_84d7f2889c6c6b 15
src/auth/identity.test.ts
  s_ad34c75736933e::t_84d7f2889c6c6b 12,14,85-86,97-98,104-105,153-154,158,353-355,369,376,391,393,398-400,410-411,441,443
src/notion/normalize.ts
  s_ad34c75736933e::t_84d7f2889c6c6b 92
src/notion/rate-limit.ts
  s_ad34c75736933e::t_84d7f2889c6c6b 3,48,76,83,126,135,191,286-288,430-431,433,438,714,885,1023
  s_ad34c75736933e::t_a94709f6b29724 441-443
src/cli/commands/install-prereqs.test.ts
  s_ad34c75736933e::t_84d7f2889c6c6b 107,140,190,207,223,281,285,295,371,389,391,395,416,428,469,495-496,502,508,516,519,570,572-573,577,585,603,650,664,727,792-794,801,806,839-840,845,867,891,915,932,937,959,962,985,1017,1103,1132,1273,1275,1303,1309,1332,1342,1367,1371,1403,1431,1433,1468,1471,1473,1476,1487,1522,1545,1562,1564,1569,1571,1588,1594,1601,1619,1623,1631,1650,1656,1658,1674,1687,1692,1710,1721,1741,1743,1764,1771
src/notion/runtool/contract.md
  s_ad34c75736933e::t_84d7f2889c6c6b 3,9,63,66,110,148,180,182,187,191,194-195,197,219,242,255
  s_ad34c75736933e::t_a94709f6b29724 15-20,97,101,183-186,188,239
src/eval/bench-baseline.test.ts
  s_ad34c75736933e::t_84d7f2889c6c6b 39
src/cli/commands/migrate.ts
  s_ad34c75736933e::t_84d7f2889c6c6b 72,84,104,267
src/eval/task-runner/verifier.ts
  s_ad34c75736933e::t_84d7f2889c6c6b 365,567-568
evals/task-suites/longitudinal-pydantic-modelhard-v1.yaml
  s_ad34c75736933e::t_84d7f2889c6c6b 4,13-14,37,65,85,88,92,171
src/auth/forwarded-env.test.ts
  s_ad34c75736933e::t_84d7f2889c6c6b 11,34,39-41,60,63,68,73-75,110,113,115,123-125,161,167,181,183-184,195,197,221
src/core/memory-encoding.test.ts
  s_ad34c75736933e::t_84d7f2889c6c6b 504-505,510,517,566,614,652,672,709,723-724,738,761
evals/task-suites/longitudinal-werkzeug-public-spec-v1.yaml
  s_ad34c75736933e::t_84d7f2889c6c6b 4,12-13,61,64,127
src/cli/commands/mcp.ts
  s_ad34c75736933e::t_84d7f2889c6c6b 8,11,13,18,23-25,30,44,53,60,70,77,82-83
evals/prompts/longmemeval-agent-system-raw-transcript.txt
  s_ad34c75736933e::t_84d7f2889c6c6b 2,8,12,15,20
src/core/entity-relation-lock.ts
  s_ad34c75736933e::t_84d7f2889c6c6b 29
src/core/fact.ts
  s_ad34c75736933e::t_84d7f2889c6c6b 211,508-509,533,563,585-586,702,781,802
docs/dev-dependency-install.md
  s_ad34c75736933e::t_d8fd261854f52f 3,7,17,65,81
  s_ad34c75736933e::t_84d7f2889c6c6b 1,6,20,23-24,27,30-31,35-36,38-39,45-46,52,54-55,66,71,73,77,80,85,87,89
src/eval/retrieval-quality.ts
  s_ad34c75736933e::t_d8fd261854f52f 739,746
  s_ad34c75736933e::t_84d7f2889c6c6b 9-10,253,264,617,619,631
src/eval/profile-runner.test.ts
  s_ad34c75736933e::t_84d7f2889c6c6b 9
src/hooks/background-orphan.test.ts
  s_ad34c75736933e::t_84d7f2889c6c6b 15-16,168-169,185,188,205,239
evals/memory/empty.yaml
  s_ad34c75736933e::t_84d7f2889c6c6b 2-3
src/core/prompts/conflict-judge.test.ts
  s_ad34c75736933e::t_84d7f2889c6c6b 22,28,46,108,114,152
src/mcp/tools/tasks.test.ts
  s_ad34c75736933e::t_84d7f2889c6c6b 127,135,145,166,193,219,244,268,292,318,341,374,385,408,425,441,443,458,460,500,521,525,535,565,599,611,636,654-655,679,713,728,759,774,793,809,830,832,864,877,901,903,960,996,1031,1079,1123,1146,1168,1186,1191,1214,1237,1253,1258,1276,1304,1327,1342,1348,1366,1377,1396,1439,1483,1507,1525,1543,1558,1564,1587,1610,1628,1654,1694,1702,1714,1723,1735,1757,1773,1788,1805,1821,1828,1835,1854,1861,1921,2016,2026,2050,2073,2124,2184,2219,2258,2309,2343,2372,2399,2418,2438,2460,2462,2471,2488,2497,2508,2531,2571,2590,2606,2625,2655,2694,2724,2757,2777,2796,2826,2854,2882,2912,2939,2975,2991,2997,3004,3027,3084,3092,3104,3126,3138,3145,3153
src/services.test.ts
  s_ad34c75736933e::t_84d7f2889c6c6b 14-15,77,194-195,203,209,213,216,219-220,232,285,287-288,296,299,308,310,313-314,325,329,334,344,347,351,355-356,360,362,374,380,383,387,394,411-416,427-428,446-451,598,626,645,787-788
  s_ad34c75736933e::t_a94709f6b29724 204-206
evals/vaults.yaml
  s_ad34c75736933e::t_84d7f2889c6c6b 3-4,6,12,19-20,30,48,55
docs/evals-adjudication-rules.md
  s_ad34c75736933e::t_84d7f2889c6c6b 31,61,64,70,74,76,103,106
evals/task-suites/longitudinal-requests-epic-v2.yaml
  s_ad34c75736933e::t_84d7f2889c6c6b 4,13-14,77,81,234
src/core/memory-debt.ts
  s_ad34c75736933e::t_84d7f2889c6c6b 4,12,26,72,74,76,80,85,214,224,309,333,543,545,564,1143,1186,1272,1405,1410
src/errors.test.ts
  s_ad34c75736933e::t_a94709f6b29724 3-8
  s_ad34c75736933e::t_84d7f2889c6c6b 10,13,25,36,40,50-52
docs/evals-total-corpus-20260528.md
  s_ad34c75736933e::t_84d7f2889c6c6b 37-38,40,42,73-74,103-104,115,133,140,151
src/mcp/tools/decisions.test.ts
  s_ad34c75736933e::t_84d7f2889c6c6b 136,184,231,295,297,366,368,448,450,534,536,562,602,604,614-615,670,672,722,724,782,784,798,827,829,843,856,867,877-878,952,965,976,1007,1013,1020,1027-1029,1033,1035,1042,1048,1056,1060,1062,1077,1142,1177,1207,1242,1263,1274,1303,1305,1335,1338,1351,1372,1417,1436,1471,1487,1516,1535,1559,1572,1596,1632,1654,1750,1756,1817
docs/cli/contracts/inbox.md
  s_ad34c75736933e::t_84d7f2889c6c6b 5,17,26-27
src/cli/commands/conflicts.test.ts
  s_ad34c75736933e::t_84d7f2889c6c6b 13,78,82,115,237,240,265,275,915,1015,1089
src/eval/schema.ts
  s_ad34c75736933e::t_84d7f2889c6c6b 49,58-59,235,237,242,247,253,259,263,272,274-275,284-285,334,350,357,386
src/types/search.ts
  s_ad34c75736933e::t_84d7f2889c6c6b 165,196,208
src/hooks/digest-scheduler.ts
  s_ad34c75736933e::t_84d7f2889c6c6b 13,24,32,35,61,68,98,100,102,120,152,169,177,197,210-211,279-280,328,406-407,440,449-450
src/cli/commands/auth.ts
  s_ad34c75736933e::t_84d7f2889c6c6b 2,12,123,128,145,181,189,215,315,322,330,392,407,419,425,434,446-447,456,459,476,491,517,528,532,541,550,564,568,597,614,622,627,657,672,676,750,760,762,786,792,796,831
  s_ad34c75736933e::t_a94709f6b29724 389-391,801-803
docs/cli/contracts/vault.md
  s_ad34c75736933e::t_84d7f2889c6c6b 3
src/cli/commands/tasks.test.ts
  s_ad34c75736933e::t_a94709f6b29724 2313-2320
  s_ad34c75736933e::t_84d7f2889c6c6b 22,105,109,123,170,385,400,484,611,681,905,910,943,967,970,991,996,1026,1083,1674,1697,1725,1748,1890,1923,1949,1962,2014,2067,2104,2170,2236,2238,2268-2271,2273,2277,2280,2298-2299,2312,2323,2491-2493,2523,2639,2723,2759
src/eval/task-runner/patch-stats.ts
  s_ad34c75736933e::t_84d7f2889c6c6b 71-72
src/observability/partial-failure.ts
  s_ad34c75736933e::t_84d7f2889c6c6b 7,11,32,35
docs/hooks-wakeup.md
  s_ad34c75736933e::t_84d7f2889c6c6b 11,20,22,41-42,48,51,56-57,59-61,70,85,90,94,113,127-128,138,146,153,160,186-187
src/hooks/cost-events.test.ts
  s_ad34c75736933e::t_84d7f2889c6c6b 35,166
src/core/AGENTS.md
  s_ad34c75736933e::t_84d7f2889c6c6b 7,62,73,76,154,161,174,203,286,386,416,436,450,496,506,552,568,585,591,595,609,620,627,633,639,647,677,689,742,847,866,868-869,873,905-906,920,980,983,989,997-998,1089,1116,1184,1192,1242,1252,1256,1258,1262,1274,1296,1306-1307,1353,1355,1364,1377,1382,1397,1401,1403,1411,1429,1442,1462,1473,1489-1490,1495,1499,1505-1506
  s_ad34c75736933e::t_a94709f6b29724 356,427,623-626,1269-1273,1275,1529-1530
src/cli/commands/profile.ts
  s_ad34c75736933e::t_84d7f2889c6c6b 47,177,185,242,257
  s_ad34c75736933e::t_a94709f6b29724 248-250
src/cli/commands/status.test.ts
  s_ad34c75736933e::t_84d7f2889c6c6b 26-27,85,88,108,180,193-194,211,285,290,393,481,492,582,741,746,751,758,847,879,907,910-911,921,943,959,980
src/mcp/tools/memory/types.ts
  s_ad34c75736933e::t_84d7f2889c6c6b 25,27
src/core/fact-batch.test.ts
  s_ad34c75736933e::t_84d7f2889c6c6b 672,676,708,731
evals/task-suites/longitudinal-github-cli-contracts-v1.yaml
  s_ad34c75736933e::t_84d7f2889c6c6b 4,15-16,65,69,99,150,154,184,234,238,266,314,318,345,394,398,427,477,481,509
docs/cli-authoring.md
  s_ad34c75736933e::t_84d7f2889c6c6b 3,47,162,166,174-176
evals/task-suites/longitudinal-github-cli-memory-contract-v2.yaml
  s_ad34c75736933e::t_84d7f2889c6c6b 4,9-10,61,69,149,192,200,271,316,324,389,435,439,472,517,525,603,650,654,684,727,731,760,803,807,828,874,878,910,952,956,975,1017,1021,1043,1089,1093,1112,1152,1156,1175,1220,1224,1247,1290,1294,1313,1357,1361,1383,1428,1432,1457
.codex/hooks.json
  s_ad34c75736933e::t_84d7f2889c6c6b 8-9,19,21
src/core/project-scope.ts
  s_ad34c75736933e::t_84d7f2889c6c6b 7,86
src/core/proposed-inbox.ts
  s_ad34c75736933e::t_84d7f2889c6c6b 3,18-19,43
src/hooks/agent-identity.ts
  s_ad34c75736933e::t_84d7f2889c6c6b 6,16,22,41,60,88
src/hooks/conversation-mining.test.ts
  s_ad34c75736933e::t_84d7f2889c6c6b 131,158,162
src/hooks/helpers.ts
  s_ad34c75736933e::t_84d7f2889c6c6b 7,13,44,98,101,113,136,149,221,259,267,269-270,334,362,395,398,405-406,411,413,417,444,471,505,544,555,566,704,719,737,848-849,884,886,901,914,928,951,954,959,1006,1032,1035,1041,1166,1174,1182,1195-1196,1199,1206-1207,1237,1243,1270
src/cli/index.ts
  s_ad34c75736933e::t_84d7f2889c6c6b 1,34
src/hooks/background-agent.test.ts
  s_ad34c75736933e::t_84d7f2889c6c6b 58,70,81
src/eval/bench-runner.ts
  s_ad34c75736933e::t_84d7f2889c6c6b 7-8,21-23,132,137,139,142-145,159,219,261,331,334,344,349,367,369,371,376-379,385,404-405,420-421,423,480,496,499-500,516,539,541,544,546,561,566,577,588-589,591,868-869,882,900,947,950-951,953-954,962,966-967,975-977,979,1130,1250,1255-1256,1258-1259,1337,1362,1393,1396,1508,1580,1587,1593,1796,1859
  s_ad34c75736933e::t_d8fd261854f52f 1798,1812
docs/archive/hooks-history.md
  s_ad34c75736933e::t_84d7f2889c6c6b 19,32,67
src/eval/skill-retrieval.test.ts
  s_ad34c75736933e::t_84d7f2889c6c6b 5,131,168,346,548,634,656,753,779,882,912,993,1004,1097,1114
src/mcp/tools/context.ts
  s_ad34c75736933e::t_84d7f2889c6c6b 3,12,14,17,22,24,31
src/observability/partial-failure.test.ts
  s_ad34c75736933e::t_84d7f2889c6c6b 14-15,22,24,31,40,52,57,61-63
src/core/fact-confidence-audit.test.ts
  s_ad34c75736933e::t_84d7f2889c6c6b 2,37
src/core/context.ts
  s_ad34c75736933e::t_84d7f2889c6c6b 4-5,10,28,37,78,132
src/core/promote.ts
  s_ad34c75736933e::t_84d7f2889c6c6b 9,29,102,109,254,267,357,365,372,449
AGENTS.md
  s_ad34c75736933e::t_84d7f2889c6c6b 25-28,40,46,148,150,152-155,158,160,169,171,173,177,180,182,190-191,193-194,197,205-206
docs/cli/contracts/install.md
  s_ad34c75736933e::t_84d7f2889c6c6b 5,10,33,40,47,55,62-64,80,82-83,101,104
evals/skill-agent/skillret-readonly-agent.yaml
  s_ad34c75736933e::t_84d7f2889c6c6b 5-6,13-14,17,23
docs/archive/evals-phase-decisions.md
  s_ad34c75736933e::t_84d7f2889c6c6b 15,17,27-29,40-44,46,61,63,85,88,106-108,127,129,152,154,158,162,180-182
src/cli/commands/migrate/tags.ts
  s_ad34c75736933e::t_84d7f2889c6c6b 1,7,18,48
src/core/encoding-migration.integration.test.ts
  s_ad34c75736933e::t_84d7f2889c6c6b 12,280
src/eval/retrieval-quality.test.ts
  s_ad34c75736933e::t_84d7f2889c6c6b 6,8,74-75,77,112-113,172,281,331,356,390,428
src/hooks/prompts.test.ts
  s_ad34c75736933e::t_84d7f2889c6c6b 31-37,53,60,71-72,76-81,84-86,88,90,94-95,98,100-101,146,199,211,278,452,462,465-466,539,541,560,572-576,578,586,588,590-593,595,597,603,735,751,754,756,790,792
profiles/support/README.md
  s_ad34c75736933e::t_84d7f2889c6c6b 4
src/cli/output.test.ts
  s_ad34c75736933e::t_84d7f2889c6c6b 31,35,40-41,48
package.json
  s_ad34c75736933e::t_84d7f2889c6c6b 7,20
  s_ad34c75736933e::t_d8fd261854f52f 2
  s_ad34c75736933e::t_ccf9d26762319b 78
  s_ad34c75736933e::t_0798f5af22cec2 85,87,91
src/eval/runner.ts
  s_ad34c75736933e::t_d8fd261854f52f 907,914
  s_ad34c75736933e::t_84d7f2889c6c6b 828,843
docs/partial-failure-observability.md
  s_ad34c75736933e::t_84d7f2889c6c6b 3,11,20,33,42,46,57,64-65
evals/skill-retrieval/skillret-test.yaml
  s_ad34c75736933e::t_84d7f2889c6c6b 6
.githooks/pre-commit
  s_ad34c75736933e::t_84d7f2889c6c6b 7
src/core/memory-debt.test.ts
  s_ad34c75736933e::t_84d7f2889c6c6b 19,176,372,516,718,728,732,750,994
src/cli/commands/install/print-config.ts
  s_ad34c75736933e::t_84d7f2889c6c6b 60,79-80,101,104,116
src/mcp/tools/context/status.ts
  s_ad34c75736933e::t_84d7f2889c6c6b 1,24,65-66
src/notion/setup.ts
  s_ad34c75736933e::t_84d7f2889c6c6b 2,151,154-155,161,236,304,661
src/cli/commands/migrate/agent-normalization.ts
  s_ad34c75736933e::t_84d7f2889c6c6b 1,14
docs/hooks-background.md
  s_ad34c75736933e::t_84d7f2889c6c6b 37,53-54,57-59,62,74,84,90,104-105,110-111,131,144,151-152,164-165,167,176,186,197,225,232,239
src/core/wakeup-inherited.ts
  s_ad34c75736933e::t_84d7f2889c6c6b 6
.cursor/mcp.json
  s_ad34c75736933e::t_84d7f2889c6c6b 3-4,9-11
docs/mcp-tools.md
  s_ad34c75736933e::t_84d7f2889c6c6b 3-6,11,19,33-34,43,72,76,84-85,88,92,95,124-125,129,134,139,149,154,158,163,172,178,184,187,191,195-197,202,218,231,240,243,247,258,270,272,279,283,287
docs/cli/contracts/tasks.md
  s_ad34c75736933e::t_84d7f2889c6c6b 5
src/core/memory-encoding.ts
  s_ad34c75736933e::t_84d7f2889c6c6b 5,13,48,51,62,67,151,304
hooks/wakeup.sh
  s_ad34c75736933e::t_84d7f2889c6c6b 4,9,14,31
.github/workflows/eval-bench.yml
  s_ad34c75736933e::t_84d7f2889c6c6b 5,7,9,17,96-101,113-118
hooks/session-end.sh
  s_ad34c75736933e::t_84d7f2889c6c6b 4,10
src/cli/commands/install/hooks.ts
  s_ad34c75736933e::t_84d7f2889c6c6b 4,9,30,32-33,46,48,52,55,57,101,118,122,126-127,139,144,148,155,171-172,177,182,184,195,197,200-202,204-205,209,212,252,255,259,265,267,273,319,326,345,348,351-352,367,370,377-379,393,423,431,437
  s_ad34c75736933e::t_a94709f6b29724 66-68,86-88,270-272
src/mcp/tools/decisions.ts
  s_ad34c75736933e::t_84d7f2889c6c6b 3,33,49,63,124,238,245,290,318,359,412,450,626,686,742,755,876,883,930,1027,1032,1035,1040,1157,1218,1231
src/cli/commands/conflicts.ts
  s_ad34c75736933e::t_84d7f2889c6c6b 2,8,12,16,21,176,180,188,193,213,307,423,425,443,563,576
docs/topic-merges.example.yaml
  s_ad34c75736933e::t_84d7f2889c6c6b 1,8-9,12
src/cli/commands/migrate/orphan-rate.ts
  s_ad34c75736933e::t_84d7f2889c6c6b 1,18-19,40-41,60
src/core/vault-load.test.ts
  s_ad34c75736933e::t_84d7f2889c6c6b 146
src/core/fact-temporal-provenance.test.ts
  s_ad34c75736933e::t_84d7f2889c6c6b 512,514,579,589,807
src/hooks/background.test.ts
  s_ad34c75736933e::t_a94709f6b29724 651-653
  s_ad34c75736933e::t_84d7f2889c6c6b 50-51,144,174,177,180,211,220,226-227,232,254,261,270,275-277,288,293,298,300,321,364,369,377,382,402,409,419,496,626
src/types/scope.ts
  s_ad34c75736933e::t_84d7f2889c6c6b 79,83,116,180,184-186,194,235,321
src/core/ask.ts
  s_ad34c75736933e::t_84d7f2889c6c6b 11,23,86,359
docs/cli/contracts/auth.md
  s_ad34c75736933e::t_84d7f2889c6c6b 5,8,18,24
src/mcp/tools/polymorphic.test.ts
  s_ad34c75736933e::t_84d7f2889c6c6b 2,336,339,343,359,369,379,395,420,438,440,447,449,454,457,461,468,504,515,517,531,555,582,608,620,633,646,648,654,660,672,684,697,710,723,736,749,751,763,768,775,780,790,796,801,824,840,843-844,847,854,862,868,881,894,904,921,937,942,949,1044,1104,1127,1138,1150,1161,1172,1174,1179,1182-1183,1186,1193,1205,1216,1238,1257,1271,1284,1287-1288,1291,1338,1355,1369,1374,1380,1391,1401,1404-1405,1408,1420,1428,1430,1435,1438-1439,1442,1457,1484,1499,1532,1549,1560,1562,1569,1571,1577,1582,1589,1603,1610,1628,1639,1652,1674,1687,1698,1709,1720,1731,1745,1751,1779,1796,1817-1825,1936,1939,1946,1948,1951,1955-1963,1997,2005,2008-2016,2046-2047,2061-2064,2070,2086,2088,2090,2092,2102-2103,2108,2110-2111,2114,2116,2124,2127,2131-2134,2140,2172,2174,2182,2201-2202,2204,2210-2218,2240,2249,2260,2269,2280,2289,2302,2318,2327,2342,2346,2350,2359,2363,2390
evals/vault-seeds/github-cli-pilot.yaml
  s_ad34c75736933e::t_84d7f2889c6c6b 5,129
src/cli/commands/search.test.ts
  s_ad34c75736933e::t_84d7f2889c6c6b 219
src/eval/schema.test.ts
  s_ad34c75736933e::t_84d7f2889c6c6b 37-38,40-41,70,73,87-88,104,110-111,125-126,149-150,179-180,200-201,261,278,282,289,300,339
src/mcp/tools/query.test.ts
  s_ad34c75736933e::t_84d7f2889c6c6b 2,81,87,99,111,127,170,183,202,221,239,246,297,349,383,435,472,479,538
src/notion/client.test.ts
  s_ad34c75736933e::t_84d7f2889c6c6b 14,18,22,29-32,35-37,40,47,55,59-60,85,122,156,163,317,332-333,336,538,572,583,593,596,618,620,626-628,635,651-652,675,677
src/core/expiring-scoped.ts
  s_ad34c75736933e::t_84d7f2889c6c6b 2,94
src/eval/longitudinal-plan.ts
  s_ad34c75736933e::t_84d7f2889c6c6b 165-166,335-336,338
src/mcp/tools/memory/history.ts
  s_ad34c75736933e::t_84d7f2889c6c6b 1,14
src/profile/install.ts
  s_ad34c75736933e::t_84d7f2889c6c6b 5,7,19,319,394,564,631
src/types.ts
  s_ad34c75736933e::t_84d7f2889c6c6b 2
src/notion/runtool/flag.ts
  s_ad34c75736933e::t_84d7f2889c6c6b 4,7,9,11,14,19,49,60,81,85-86,92-93,101,105,131-132,136,141-142,150,157-158,163,167,174-175,184,191-192,209
src/core/vault.test.ts
  s_ad34c75736933e::t_84d7f2889c6c6b 142
src/cli/commands/costs.ts
  s_ad34c75736933e::t_84d7f2889c6c6b 48
  s_ad34c75736933e::t_a94709f6b29724 29-30
src/mcp/tools/context/wake-up.ts
  s_ad34c75736933e::t_84d7f2889c6c6b 1,126,182,221,316,325,353,363,494,518,520,566,585-586,594,708,716,719,721,729,731,739,742,854,982,1101,1111
src/cli/commands/status.ts
  s_ad34c75736933e::t_84d7f2889c6c6b 3,77,80,91,109,212,221,288,298,334,430,433,436,438,451,471-472,491,516,526,611,701,703,801,809,832,834,847-848,853,859
src/cli/commands/common.ts
  s_ad34c75736933e::t_84d7f2889c6c6b 10,133,140,145-147,161
  s_ad34c75736933e::t_a94709f6b29724 14-15
src/cli/commands/init-prompt.test.ts
  s_ad34c75736933e::t_84d7f2889c6c6b 39
src/eval/bench-tool.ts
  s_ad34c75736933e::t_84d7f2889c6c6b 4,9-12,87,354,359,362,369,435,441,447,452,541,560,626,662,769,821,910,920,922,948-950,992,1041-1042,1047,1052-1053
docs/profiles.md
  s_ad34c75736933e::t_84d7f2889c6c6b 3-4,18-19,70,74,86,132-133,143,154,200,210-212,214,221,234,239,252,262,278-279,286,311,319,325,340,360,365
src/cli/commands/init.ts
  s_ad34c75736933e::t_84d7f2889c6c6b 26,42,66,127,154-155,157,163,165,169,177-178,199,205,265,267,273,285,296,302,320,329,333,359,370,372,386,388,391,403,406,437,441,450,471,477-479,497,501-502,528-529,542-543,552,557,559,566,574,576,585,602,611-612,623,643,647,649,651,661,694,703,721,728,737,751,767,770,777,782,798,800-801,805,812,824,836
src/auth/token-prefix.ts
  s_ad34c75736933e::t_84d7f2889c6c6b 4,21,28,52,69,95
src/hooks/drift-marker.ts
  s_ad34c75736933e::t_84d7f2889c6c6b 16
evals/prompts/longmemeval-agent-system.txt
  s_ad34c75736933e::t_84d7f2889c6c6b 2,12,16,19
docs/mcp-hosts.md
  s_ad34c75736933e::t_84d7f2889c6c6b 3,6,8,12-15,23,30,33,37
src/cli/vault-repair.ts
  s_ad34c75736933e::t_84d7f2889c6c6b 14,18,31,35,38,43-45,52
src/core/memory-list.test.ts
  s_ad34c75736933e::t_84d7f2889c6c6b 312-313,321-322,350,378
evals/task-suites/longitudinal-jinja2-modelhard-v1.yaml
  s_ad34c75736933e::t_84d7f2889c6c6b 4,16-17,42,58,79,82,84,133,160,174,195,198,200,252,279,293,313,316,318,359
src/mcp/tools/memory.ts
  s_ad34c75736933e::t_84d7f2889c6c6b 1,6,37,45,48,55,63-64,172,217,321,328,334,342
src/notion/runtool/types.ts
  s_ad34c75736933e::t_84d7f2889c6c6b 3,45,112,308,318,336,352,363
src/profile/migrate.test.ts
  s_ad34c75736933e::t_84d7f2889c6c6b 19,43,57,62,86,102,116,130,144,158,172,186,200,215,229,243,257,285,298,307,325,328,347,349,359,361,373,380,390,403,451,466,481
src/types/config.ts
  s_ad34c75736933e::t_84d7f2889c6c6b 9,64-65,74,78,83,88,93,98,103,114,116,155,164,171,184-185,192,200,225,244,295-296,305,316,340,349-350
src/core/scope-coverage.test.ts
  s_ad34c75736933e::t_84d7f2889c6c6b 1165
evals/skill-agent/skillret-readonly-agent-5x500-001.yaml
  s_ad34c75736933e::t_84d7f2889c6c6b 511,513,519
src/cli/commands/debt.ts
  s_ad34c75736933e::t_84d7f2889c6c6b 2,7,10,19,170,176,183,215,233,244,284,417,455
src/core/agent-normalization.ts
  s_ad34c75736933e::t_84d7f2889c6c6b 5
src/cli/migration-lock.ts
  s_ad34c75736933e::t_84d7f2889c6c6b 4
src/hooks/AGENTS.md
  s_ad34c75736933e::t_84d7f2889c6c6b 8-10,14,62
  s_ad34c75736933e::t_a94709f6b29724 49,53
docs/development.md
  s_ad34c75736933e::t_84d7f2889c6c6b 9,13,69-71,84-85,87,89,94,100,106-107,225,227-229
src/auth/ntn.ts
  s_ad34c75736933e::t_84d7f2889c6c6b 4,14,42,90,96-97,120,124-125,127,139,141-142,215,217,245,255,294-295,302-303,323,329,334,336,346,350,356,361,468,596-597,644-645,666,680,682,692,757
.github/ISSUE_TEMPLATE/config.yml
  s_ad34c75736933e::t_0798f5af22cec2 4
src/cli/commands/ask.ts
  s_ad34c75736933e::t_84d7f2889c6c6b 3,17
src/mcp/tools/memory/archive.ts
  s_ad34c75736933e::t_84d7f2889c6c6b 1,6,11
src/mcp/tools/memory/update.ts
  s_ad34c75736933e::t_84d7f2889c6c6b 1,104,206,233,236-237,257,263,267,303,305,310,317-318,328,332,339-340,350-351,359,368,371,377,379,393,395,398,411,429,434,448,455,457,635,715-716,723,748,811
evals/bench-corpora/longmemeval/README.md
  s_ad34c75736933e::t_84d7f2889c6c6b 3,14,47
evals/task-suites/longitudinal-urllib3-modelhard-v1.yaml
  s_ad34c75736933e::t_84d7f2889c6c6b 4,13-14,64,67,147
evals/task-suites/longitudinal-requests-public-spec-v1.yaml
  s_ad34c75736933e::t_84d7f2889c6c6b 4,12-13,58,61,97,145,148,244
src/cli/commands/mine.test.ts
  s_ad34c75736933e::t_84d7f2889c6c6b 10-13,19-21,46,266,410,436,458,482,516,522,534,541,612,616,691,783,887,1028,1039,1186,1375,1433,1531,1549,1607
evals/bench-suites/longmemeval-wake-up.yaml
  s_ad34c75736933e::t_84d7f2889c6c6b 29-30
src/hooks/marker-key.test.ts
  s_ad34c75736933e::t_84d7f2889c6c6b 213,231,251
src/core/similarity.ts
  s_ad34c75736933e::t_84d7f2889c6c6b 5
src/core/promote.test.ts
  s_ad34c75736933e::t_84d7f2889c6c6b 354,690,794,796
src/cli/commands/mcp.test.ts
  s_ad34c75736933e::t_84d7f2889c6c6b 46-47,62,70,72
src/eval/bench-sandbox.test.ts
  s_ad34c75736933e::t_84d7f2889c6c6b 45-46,111,113
src/eval/task-runner/longitudinal-runner.ts
  s_ad34c75736933e::t_84d7f2889c6c6b 27,30,50-52,179,265,657,687-688,916-917,1014-1016,1026,1032-1033,1037-1039,1042-1043,1046,1050,1053-1054,1058-1060,1062,1065-1067,1072-1074,1076-1078,1082-1083,1087-1088,1106-1107,1114,1124,1130,1135-1136,1146,1191,1197,1201,1209,1211,1225,1276,1298,1302-1303,1313,1321,1347,1349,1360,1402,1409,1429-1430,1448,1469-1470,1489-1490,1500,1506,1545,1587-1588,1665-1666,1716-1717,1735,1741,1752,1759,1765-1766,1771,1775,1790,1808-1809,1823,1829-1831,1960-1963,1984,1987,2013
  s_ad34c75736933e::t_a94709f6b29724 110-111,1185-1187
src/hooks/background-failure-status.ts
  s_ad34c75736933e::t_84d7f2889c6c6b 136,142,145,148,151,156
src/mcp/server.ts
  s_ad34c75736933e::t_84d7f2889c6c6b 2,11,22,39,49-57,78,87,97,109,119,157,159,174,176-178,180-182,186,188,197
src/notion/rate-limit.test.ts
  s_ad34c75736933e::t_84d7f2889c6c6b 104,373,1330
src/notion/runtool/error-helpers.ts
  s_ad34c75736933e::t_84d7f2889c6c6b 109,126,211
src/eval/task-runner.test.ts
  s_ad34c75736933e::t_84d7f2889c6c6b 34,62-63,80-81,148-149,197,234,249,291,319,374-376,382,384,400,425-428,439,453-454,457,462,469,471,496-497,504,506,518,520,543,550,552,601,633,676,715,747,780,810,844,875,887,919,950,976,1002,1031,1061,1072,1106,1143,1192,1245,1310,1342,1409-1410,1430,1476,1495,1513,1518,1524,1561,1563,1577-1578,1589,1595,1607,1609-1610,1615,1630-1631,1653,1685-1686,1698,1725,1746,1779,1781,1796,1825,1858,1860,1882,1916,1949,1951,2013,2038,2091,2124,2126,2132,2144-2146,2201,2274,2290-2291,2294,2328-2329,2336,2379,2395,2397,2403,2406,2415-2418,2425,2428,2454,2469,2473,2475,2478,2480,2485-2486,2489,2532-2535,2542,2545,2566,2576,2609,2611,2623,2625,2628,2630,2635,2644,2671,2683,2695,2701,2705-2707,2709,2716,2752,2754,2805,2895,2923,2966,3013,3032,3034,3063,3069-3070,3088,3124,3154,3170,3193-3195,3199,3223-3224,3228,3236,3271,3278,3283,3301,3303-3304,3337,3339,3357,3365,3388,3415,3417,3424,3443,3451,3480,3499,3501,3527,3535,3558,3577,3579,3606,3639,3906,3909-3912,3927,3936,3957,3973,3997,4013,4041,4056,4246,4304,4313,4317,4331,4335,4353,4356,4361,4370,4398,4405,4409-4410,4417,4420,4424-4425,4429,4435
  s_ad34c75736933e::t_a94709f6b29724 455-456
docs/topology.md
  s_ad34c75736933e::t_84d7f2889c6c6b 3,23,27,33,57,60,110,117,123,128,133,153,164,169,173,176,185,192,195-196,203,208,218,228,232,239,259
src/eval/bench-sandbox.ts
  s_ad34c75736933e::t_84d7f2889c6c6b 4,21,36,39,121
evals/longitudinal/github-cli-powered-20260527-summary.json
  s_ad34c75736933e::t_84d7f2889c6c6b 103,105-106,115,120,138,143,159-160,164-165,169-170,267-268
evals/task-suites/longitudinal-werkzeug-modelhard-v1.yaml
  s_ad34c75736933e::t_84d7f2889c6c6b 4,13-14,62,65,135,185,188,245
src/cli/commands/eval.test.ts
  s_ad34c75736933e::t_84d7f2889c6c6b 103,110,118,177,181,348,351,353,366,377,379,383-384,429,442,447,469,515,531,548,556,566,589,626,643,758,762,893-894,898,920-921,938,946,973-974,976,978,980,990,1012,1019-1020,1022-1023
src/cli/commands/memory-decision-ask.test.ts
  s_ad34c75736933e::t_84d7f2889c6c6b 6,114,167,201,210,272,285,295,305,524
src/eval/task-runner.ts
  s_ad34c75736933e::t_84d7f2889c6c6b 19-22,52,56
src/cli/commands/profile.test.ts
  s_ad34c75736933e::t_a94709f6b29724 66-73
  s_ad34c75736933e::t_84d7f2889c6c6b 35,49,64
src/eval/baseline.ts
  s_ad34c75736933e::t_84d7f2889c6c6b 56,124,233
src/mcp/helpers.test.ts
  s_ad34c75736933e::t_84d7f2889c6c6b 12,88,99,102,123,125,129,139,141,151,166,194,210,226,248-249,260,274,280,285,288,292,294,301,304,309,320,335-336,343,345,353,358,361,366,369
evals/skill-agent/skillret-readonly-agent-5x500-005.yaml
  s_ad34c75736933e::t_84d7f2889c6c6b 511,513,519
src/auth/ntn.test.ts
  s_ad34c75736933e::t_84d7f2889c6c6b 42,90,148,152,160,164,166,176,237,239,250,253,529,537-538,593,633,686,740
src/core/project-context.ts
  s_ad34c75736933e::t_84d7f2889c6c6b 5-6,21,66
docs/evals-memory-quality-formation-20260529.md
  s_ad34c75736933e::t_84d7f2889c6c6b 9,14-16,27-34
src/mcp/tools/memory/read.ts
  s_ad34c75736933e::t_84d7f2889c6c6b 4,35,117,145,274,283,321,351,368
src/mcp/tools/procedures.ts
  s_ad34c75736933e::t_84d7f2889c6c6b 2,7,11,38,51,89-90,119,156,192,212-214,285-286,299,303,324,329,337-338,355-356,364,366,469,475-476,549,590
  s_ad34c75736933e::t_a94709f6b29724 464-467,576-578
tools/probe-notion-endpoint.mjs
  s_ad34c75736933e::t_84d7f2889c6c6b 4,20,23,91,124-126,130,138-139,148-149,152,173-174,191,200-201,204,212,414-416
src/core/cost-ledger.test.ts
  s_ad34c75736933e::t_84d7f2889c6c6b 61,73,140,203,220,331,342,462,484,518,531,538,567,579,729
src/hooks/digest-marker.test.ts
  s_ad34c75736933e::t_84d7f2889c6c6b 10-11,40
src/core/fact-dedup.ts
  s_ad34c75736933e::t_84d7f2889c6c6b 4
src/eval/skill-agent.ts
  s_ad34c75736933e::t_84d7f2889c6c6b 8,38-39,41,71,75,86,92,248,412,427,590-592,678,682,686-687,690,699-700,702-703,726,729,733,749,763,946,950,953,957-960,1008,1014
src/hooks/marker-key.ts
  s_ad34c75736933e::t_84d7f2889c6c6b 177,183
src/notion/runtool/search.ts
  s_ad34c75736933e::t_84d7f2889c6c6b 13,73,96,101,130,137,211
src/eval/task-runner/workspace.ts
  s_ad34c75736933e::t_84d7f2889c6c6b 44,59,89,91,108,134,137,139-140,183
CONTRIBUTING.md
  s_ad34c75736933e::t_84d7f2889c6c6b 1,3,10,30-31,33-34,84,112,119,127,138-139,142-145,149,152,157,161,165-167,178
profiles/default/prompts/conflict-judge.txt
  s_ad34c75736933e::t_84d7f2889c6c6b 7
src/core/wakeup-utils.ts
  s_ad34c75736933e::t_84d7f2889c6c6b 38
evals/reports/free-eval-results-2026-06-03.md
  s_ad34c75736933e::t_84d7f2889c6c6b 11,14-15,20,29-30,32,34,49,52,65,70,78-79,85-86,92-94,100-102,107-109,201,203,238,247,249,256,264,283,297,321,323,345,390,399-400,425,452,485,525,530,587,592,609,612
src/cli/commands/migrate/decision-tags.ts
  s_ad34c75736933e::t_84d7f2889c6c6b 1
  s_ad34c75736933e::t_a94709f6b29724 12-14
src/core/memory-search.test.ts
  s_ad34c75736933e::t_84d7f2889c6c6b 4,28-29,32
docs/topology-inheritance.md
  s_ad34c75736933e::t_84d7f2889c6c6b 10-11,82,87,90,105,109,116,123,130
evals/workspaces/fix-import/package.json
  s_ad34c75736933e::t_84d7f2889c6c6b 2
docs/evals-modelhard-campaign-20260529.md
  s_ad34c75736933e::t_84d7f2889c6c6b 1,5,11,13,19-20,50,57
src/auth/oauth.test.ts
  s_ad34c75736933e::t_84d7f2889c6c6b 31,243,296,362-363,365-366,370,373,377,380,389,402,440,446,483,487,490,501,505-506,518,521,530-531,541,570
src/cli/commands/install/codex.ts
  s_ad34c75736933e::t_84d7f2889c6c6b 38,56,59-61,63,107,126,163,166,207,249,269,345,349,372,379,394,403,428,432
src/cli/commands/migrate/synopsis.ts
  s_ad34c75736933e::t_84d7f2889c6c6b 1,52
docs/evals-longmemeval.md
  s_ad34c75736933e::t_84d7f2889c6c6b 10-11,17,20,24,29,31,41,47,49,51,67-72,94,100,103-104,108,110,123-124,131,134,137,142,171,211-213,223,239-240,255,269,279-280,296,299,308
src/core/cost-ledger.ts
  s_ad34c75736933e::t_84d7f2889c6c6b 2,17,21,262,369,532,1219,1221
src/debug-redact.test.ts
  s_ad34c75736933e::t_84d7f2889c6c6b 274
src/notion/runtool/query.test.ts
  s_ad34c75736933e::t_a94709f6b29724 284-286
  s_ad34c75736933e::t_84d7f2889c6c6b 34,258-260,263,266-267,272-273
src/profile/index.test.ts
  s_ad34c75736933e::t_84d7f2889c6c6b 15,74
src/cli/commands/inbox.ts
  s_ad34c75736933e::t_84d7f2889c6c6b 2,11,14,16,18,20,25,31,60,62,65,113,125,137,144,157,159-160,171,179,181-182,214,255,264,266,270
evals/skill-agent/skillret-readonly-agent-5x500-003.yaml
  s_ad34c75736933e::t_84d7f2889c6c6b 511,513,519
src/cli/commands/auth.test.ts
  s_ad34c75736933e::t_84d7f2889c6c6b 116,127,139,221-222,322,378,432,454,474,495,505,548,584,625,648,681,683-684,686,692,706,721,744,748,772,785,811,841,853,893,930,939,986,1010,1033,1121,1123-1124,1142,1146,1154,1245,1296,1334,1421,1425,1442,1450-1451
src/hooks/drift-marker.test.ts
  s_ad34c75736933e::t_84d7f2889c6c6b 9-10
src/eval/vaults.ts
  s_ad34c75736933e::t_84d7f2889c6c6b 63,153
src/cli/commands/migrate/shared.ts
  s_ad34c75736933e::t_84d7f2889c6c6b 1,47,58,75,96,105
src/cli/commands/migrate/entities.ts
  s_ad34c75736933e::t_84d7f2889c6c6b 1,23,105
.github/ISSUE_TEMPLATE/feature_request.yml
  s_ad34c75736933e::t_84d7f2889c6c6b 24
src/core/entity.ts
  s_ad34c75736933e::t_84d7f2889c6c6b 6,58,195,197,290,306,383,392,530,664,671
evals/task-suites/longitudinal-github-cli-pilot.yaml
  s_ad34c75736933e::t_84d7f2889c6c6b 4,7-8,14-15
evals/task-suites/longitudinal-click-modelhard-v1.yaml
  s_ad34c75736933e::t_84d7f2889c6c6b 4,16-17,75,78,191,219,242,262,265,267,320
src/cli/commands/costs.test.ts
  s_ad34c75736933e::t_84d7f2889c6c6b 47,66,86,102,113,131,181,199,217,228,246,271,311-313,365
docs/cli/contracts/search.md
  s_ad34c75736933e::t_84d7f2889c6c6b 3
docs/archive/runtool-evidence.md
  s_ad34c75736933e::t_84d7f2889c6c6b 24-27,47,51,57,71,100,168,172,176,192,194,258,266,308,359,368,393,405,411,445,450,486,493,517,556-559,561,563,578,597,614,616,619,661,685,712,748,771,773,775,779,803,806,809,811,867,889,900,955,972,976-977,981,992,1004,1009,1110,1112,1116-1117,1124,1132,1134-1135,1152,1156,1165,1180,1182,1236,1238,1285,1305,1342-1346,1350,1355,1359,1362,1396,1463,1467-1470,1480,1482-1483,1509,1512,1517,1523,1528,1532,1534,1542
src/mcp/tools/memory/review.ts
  s_ad34c75736933e::t_84d7f2889c6c6b 1,18,31,35,48
src/memory-result-handles.ts
  s_ad34c75736933e::t_84d7f2889c6c6b 104
docs/topology-promotion.md
  s_ad34c75736933e::t_84d7f2889c6c6b 3,10,19,22,28,57,63,79,98,103,106,110,115,121,149,151,153,178,189,203,205
src/cli/hook-disclosure.ts
  s_ad34c75736933e::t_84d7f2889c6c6b 3-4,7,18,27,32,34,44,55,61,71,75,96,102-103
src/mcp/tools/memory/schema.ts
  s_ad34c75736933e::t_84d7f2889c6c6b 116
docs/archive/team-rollout-0.10.0.md
  s_ad34c75736933e::t_84d7f2889c6c6b 18,24,28,34
src/core/memory.ts
  s_ad34c75736933e::t_84d7f2889c6c6b 52,153,181,185,272,444,554,779,889,895,968,991,1006,1019,1117,1236
src/eval/longitudinal-plan.test.ts
  s_ad34c75736933e::t_84d7f2889c6c6b 9,19,77,79,81,86,96,113,119,135,141,144-145,168-169,188,211-212,225-226
src/hooks/conversation-mining.ts
  s_ad34c75736933e::t_84d7f2889c6c6b 6-7,133,249,285,289,292
src/cli/commands/install/toml.ts
  s_ad34c75736933e::t_84d7f2889c6c6b 48,53
src/core/near-duplicate.test.ts
  s_ad34c75736933e::t_84d7f2889c6c6b 58,60,78,80,217,354,364,526,528,548,1129,1165,1229,1231,1244,1246,1398,1406,1420,1428,2055,2057,2070,2072,2084,2090,2156
src/notion/runtool/error-helpers.test.ts
  s_ad34c75736933e::t_84d7f2889c6c6b 58
src/cli/commands/doctor.test.ts
  s_ad34c75736933e::t_a94709f6b29724 1010-1011,1109-1110
  s_ad34c75736933e::t_84d7f2889c6c6b 15,21,27-28,62-63,71-72,87,89,96-98,117,119,121,158,160,162,175,183,187,246-247,250-251,270,272,275-276,296-297,356,358,405-406,413,415,426,434,437-438,452,454,495-496,530,550,572,575,595-597,621-622,639-640,654-655,660,670-672,675,684-685,689,692,695,706,718,733-735,758,760,762,767,772,775,796,809-810,825,870,877,895-897,919,921,926,950-951,955,958,978-979,983,986,1005-1006,1014,1027-1028,1033,1036,1056,1072,1078,1098-1100,1106,1127-1128,1143,1145,1147-1148,1179,1204,1206,1221,1254-1256,1274,1276,1304-1305,1307,1318,1331,1334,1352,1374,1387,1390,1409,1411,1413,1420,1426-1427,1449,1452,1476,1486,1491-1493,1495
src/cli/commands/install/omp.ts
  s_ad34c75736933e::t_84d7f2889c6c6b 31,70,82,94
src/cli/commands/status-command.test.ts
  s_ad34c75736933e::t_84d7f2889c6c6b 133-135,210,212
src/core/fact-queries.ts
  s_ad34c75736933e::t_84d7f2889c6c6b 34
src/core/wakeup-cache.ts
  s_ad34c75736933e::t_84d7f2889c6c6b 25-29,51-52,103
src/types/persistence.ts
  s_ad34c75736933e::t_84d7f2889c6c6b 10
src/profile/install.test.ts
  s_ad34c75736933e::t_84d7f2889c6c6b 86,98,111,186,233,245,247,293,303,339,349,354,368,387,517,562,571
src/core/fact-create.ts
  s_ad34c75736933e::t_84d7f2889c6c6b 35,60-61,63,73,75,88,91,99-100,192,219,223,277,283,290,330,385,406,484,539,859,1122
src/cli/commands/init-prompt.ts
  s_ad34c75736933e::t_84d7f2889c6c6b 2
src/hooks/config.ts
  s_ad34c75736933e::t_84d7f2889c6c6b 10,12,25,78,136,139-141,146-147,151,159,169,185,193,216-217,226,241,249-250,255,259,282-283,286,289,292-293,307,324,327,336,348,352
src/core/topic-key.test.ts
  s_ad34c75736933e::t_84d7f2889c6c6b 50,98
src/notion/live-pages.test.ts
  s_ad34c75736933e::t_84d7f2889c6c6b 34-35,55,57,64,73,113,130,135
docs/cli/contracts/costs.md
  s_ad34c75736933e::t_84d7f2889c6c6b 5
profiles/default/prompts/autosave-extraction-filter.txt
  s_ad34c75736933e::t_84d7f2889c6c6b 4-8,10,18
src/cli/commands/install.test.ts
  s_ad34c75736933e::t_84d7f2889c6c6b 64,84,92-93,120-121,123,132,134,149,152,170,180,211,232,240,242,244-245,254-255,258,260,263,266,271-273,280,285,287,291,295,301,304,306-307,309,320,323,328,330,335,338,342,345,350,352,360,365,368,379,381,384,387,389,405,418,429,437,440,448-449,455-456,458,468-469,474-475,484-485,490-491,540-541,544,547,553,558,569-570,579,581,583,602,606,611-613,630,637,649,662,666,675,678,685,691-692,695-696,704,709,719,727,729,739,741,753,761-762,769,774,780,782,789,814,870,958,973-975,990,1004,1026,1044,1047,1052,1055,1074,1078-1079,1082,1085-1086,1092,1099,1101,1103-1104,1121,1126-1129,1131,1134,1139,1142-1143,1160,1166-1167,1169,1171-1172,1175,1177,1181,1190,1198,1202,1217,1228,1234-1236,1238,1241,1246,1262,1266-1267,1313,1317,1336-1339,1343,1364,1374,1384,1401,1406,1451,1494,1510,1520,1533,1548,1553-1556,1559,1570,1579,1588,1623,1644-1645,1656,1724,1728,1743-1744,1748,1768,1773,1781,1784,1799,1813,1828,1831,1845,1848,1859,1864,1868,1871,1881,1891,1900,1906,1910,1916,1923-1926,1931,1937,1939,1944,1969,2191,2198,2227,2233-2234,2242,2245-2248,2250-2251,2258-2259,2265,2268,2271-2272,2280,2283-2284,2291,2293,2301,2310-2311,2326-2327,2342-2343,2351-2352,2365,2371-2372,2381,2383,2386,2398-2399,2421-2422,2431,2433,2467,2470,2481,2483,2486,2493,2496,2519,2522,2525,2528,2551,2556,2572,2574,2580,2582,2587,2589-2590,2617-2618,2628-2629,2631,2649,2667,2672,2691,2693,2706,2709,2719,2725,2753,2755,2758,2770,2799,2804-2805,2811,2865-2867,2886,2889-2890,2895-2896,2923,2931,2941,2945,2947,2960,2968,2975,2980,2987,2992,2999,3002-3003,3005,3011,3017,3025,3031,3038,3065,3070,3072,3077,3095,3098-3099,3102,3107,3110-3111,3128,3168-3169,3171,3173,3180,3191,3195,3209,3216,3243,3250,3255-3257,3262,3267-3269,3274,3279-3281,3285-3286,3289,3291-3292,3295-3296,3298,3301,3305-3306,3310,3315,3319,3322,3341,3343,3345,3348-3349,3352-3353,3392,3398,3403,3408,3433,3493-3494,3513-3514,3538,3547,3549-3551,3555,3558,3566-3567,3581-3582,3596,3600-3602,3610,3617-3622,3627-3629,3636,3638,3644,3650,3652,3669,3678,3680,3686,3689-3691,3694,3697-3698,3701,3704,3706,3717-3719,3722,3727,3730,3744,3746,3749-3750,3753-3754,3760,3762,3771,3773,3776,3779,3788,3792-3794,3796,3804,3813,3866,3871,3876-3877,3968,3975,3989,4047,4064,4163,4171,4194,4216,4226,4262,4283,4293-4294,4301,4303-4304,4310-4311,4342,4345,4366,4375
  s_ad34c75736933e::t_a94709f6b29724 175-176,196-201,409-414,640-642,2438-2440,3662-3663,4173-4176
  s_ad34c75736933e::t_1974a7b999292f 174
docs/hooks-autosave.md
  s_ad34c75736933e::t_84d7f2889c6c6b 10,26-27,29-30,33,39-40,43,45,47,65,111,118,141,151,155-156,164,166,179,181,191-192,207-208
src/feature-flags.test.ts
  s_ad34c75736933e::t_84d7f2889c6c6b 26,61-64,89,98-100,125
src/core/memory-pinned.ts
  s_ad34c75736933e::t_84d7f2889c6c6b 11,26,42,120,137,149,170
src/config.ts
  s_ad34c75736933e::t_84d7f2889c6c6b 1,10,155,225,260,284,286,293,306,331,352,361,364,366,368,371,380,383,428-429,432-433,441,471,474,481-482,489,505
evals/task-suites/longitudinal-requests-modelhard-v1.yaml
  s_ad34c75736933e::t_84d7f2889c6c6b 4,13-14,61,64,158
evals/task-suites/starter.yaml
  s_ad34c75736933e::t_84d7f2889c6c6b 2,7-8,17,19,24,33,47,52,82,87,113,118,138,143
src/core/synopsis-backfill.test.ts
  s_ad34c75736933e::t_a94709f6b29724 917-919
  s_ad34c75736933e::t_84d7f2889c6c6b 98-101,103-104,453,497,527,558,731,843,916,926-927,946-947
evals/task-suites/longitudinal-github-cli-public-spec-v1.yaml
  s_ad34c75736933e::t_84d7f2889c6c6b 4,12-13
src/cli/commands/mine.ts
  s_ad34c75736933e::t_84d7f2889c6c6b 25,136,150,225,229,239,300,377,459,462,466,473,482,519,526,528,542,549,556,558-560,765,826,877,884,935,1016,1072,1318
src/mcp/tools/memory/expand.ts
  s_ad34c75736933e::t_84d7f2889c6c6b 1,14,37,79,87,97,109-111
src/hooks/background-failure-marker.test.ts
  s_ad34c75736933e::t_84d7f2889c6c6b 13-14,26,68,83,304,310,319,323,325
src/core/fact-confidence-migration.ts
  s_ad34c75736933e::t_84d7f2889c6c6b 5,19,43,52,118,128,159,206
src/core/project-context.test.ts
  s_ad34c75736933e::t_84d7f2889c6c6b 3,17,146,165
src/notion/schema.test.ts
  s_ad34c75736933e::t_84d7f2889c6c6b 108-109,164-165,270-271,380-381
src/mcp/tools/memory/save.ts
  s_ad34c75736933e::t_84d7f2889c6c6b 1,32,65,81,110,155,223,283,309,326,359,369-370,373,385-386,390,411,451,717-718,763-764,838,854
  s_ad34c75736933e::t_a94709f6b29724 496-498
src/core/fact-invalidation.ts
  s_ad34c75736933e::t_84d7f2889c6c6b 43,46-47,54,56-57,59
src/core/autosave-learning-lock.ts
  s_ad34c75736933e::t_84d7f2889c6c6b 13,39-41,49
evals/memory-quality/README.md
  s_ad34c75736933e::t_84d7f2889c6c6b 14
src/cli/commands/install/env.ts
  s_ad34c75736933e::t_84d7f2889c6c6b 28-29,33,38,56,61,63,97-98,100
src/eval/bench-runner.test.ts
  s_ad34c75736933e::t_84d7f2889c6c6b 109-113,115,134-139,142,148,151,156,160-165,169,173,226-230,232,252-256,293-297,332,449,452,456,478,480,482,496,498,500,504,508,510,527,529,531-534,550-551,558,580,593,601,603,632,636,639,651,712,732-733,739,741,813,828-829
evals/task-suites/longitudinal-httpx-public-spec-v1.yaml
  s_ad34c75736933e::t_84d7f2889c6c6b 4,12-13,69,72,216,264,267,369
src/mcp/tools/tag-schema.ts
  s_ad34c75736933e::t_84d7f2889c6c6b 6-7
src/hooks/wakeup.test.ts
  s_ad34c75736933e::t_84d7f2889c6c6b 105,153-154,157-158,166,168,171,173,296,302-303,342,364,390,402,429,443,470,524,564,571-572,971,974-975,983,985,999,1044,1057,1176,1178,1242,1306
src/notion/AGENTS.md
  s_ad34c75736933e::t_84d7f2889c6c6b 41,147-148,153,156
docs/cli.md
  s_ad34c75736933e::t_84d7f2889c6c6b 4,9,18,21,25,28,30,36,42-43,47-50,60-61,65-66,78-81,89,99-103,106-107,109,121-124,129,140-143,148,155,160-164,169,172-174,181,186-187,190,192,201-253,261,263,267,272-273,275-276,280-281,290-292,301,303,309,324,333,335,341,348,352,354
src/core/entity-relation-lock.test.ts
  s_ad34c75736933e::t_a94709f6b29724 26-28
  s_ad34c75736933e::t_84d7f2889c6c6b 163,180,199,215,226,238
evals/workspaces/add-readme/package.json
  s_ad34c75736933e::t_84d7f2889c6c6b 2
evals/skill-agent/skillret-readonly-agent-5x500-004.yaml
  s_ad34c75736933e::t_84d7f2889c6c6b 511,513,519
src/mcp/tools/tasks.ts
  s_ad34c75736933e::t_a94709f6b29724 289-291,592-595
  s_ad34c75736933e::t_84d7f2889c6c6b 5,7,16,69,159,218,298-300,310,349,357,366,368,427-429,479,486,513,573,649,688,711-712,717,869,894,1007,1012,1015,1030,1037,1175,1241
src/eval/codex-adapter-bench.test.ts
  s_ad34c75736933e::t_84d7f2889c6c6b 23-27,42-46,68,94,105,115,136,158,196-197,201-202,212-213,216-217,228
tools/install-git-hooks.mjs
  s_ad34c75736933e::t_84d7f2889c6c6b 50,82,88,90,103,109,111,119
src/mcp/tools/query.ts
  s_ad34c75736933e::t_84d7f2889c6c6b 3,28,93,95,99-100,103,112,114,249,263,271
evals/task-suites/longitudinal-httpx-modelhard-v1.yaml
  s_ad34c75736933e::t_84d7f2889c6c6b 4,13-14,62,65,155
src/hooks/background-failure-marker.ts
  s_ad34c75736933e::t_84d7f2889c6c6b 7,27,115
src/mcp/tools/memory.test.ts
  s_ad34c75736933e::t_84d7f2889c6c6b 147,149,171,202,239,250,301,349,360,384,395,421,460,490,536,584,605,635,651-652,672,701,718,721,756,796,833,869,897,920,924,950,975,979,1028,1032,1047,1101,1105,1165,1169,1236,1240,1307,1311,1373,1377,1437,1505,1509,1575,1579,1624,1628,1647,1670,1698,1722,1733,1751,1776,1792,1810,1833,1855,1883,1909,1919,1936,1948,1964,2009,2024,2043,2070,2101,2110,2132,2145,2147,2169,2194,2205,2226,2240,2259,2275,2299,2326,2358,2371,2389,2410,2439,2473,2504,2527,2538,2570,2608,2646,2657,2662,2679,2736,2770,2800,2832,2875,2917,2951,2965,3045,3059,3105,3147,3187,3200,3228,3230,3291,3320,3323,3356,3411,3448,3492,3511-3513,3542,3544,3594,3642,3698,3752,3786,3788,3804,3834,3836,3852,3861,3896,3898,3941,3977,3979,4033,4035,4088,4090,4143,4145,4202,4204,4272,4274,4326,4328,4378,4380,4425,4427,4440,4466,4468,4470,4522,4524,4566,4568,4616,4618,4663,4665,4712,4714,4758,4760,4815,4817,4832,4886,4888,4924,4941-4942,4948,4950,4959,4961,4970,4972,4981,4983,4992,4994,5007,5009,5060,5066,5087,5114,5128,5147,5178,5180,5208,5210,5232,5234,5256,5273,5289,5311,5326,5404,5428,5448,5472,5495,5520,5542,5578,5611,5620,5643,5664,5720,5766,5804,5836,5858,5882,5899,5922,5950,5959,5976,6008,6016,6038,6069,6094,6102,6133,6166,6201,6212,6247,6302,6319,6322,6348,6351,6353,6360,6366-6367,6389,6392,6427,6430,6433,6472,6510,6567,6596,6616,6630,6660,6672,6740,6751,6783,6820,6863,6908,6954,6998,7018,7073,7083,7089,7146,7156,7160,7218,7228,7292,7302-7303,7365,7376,7441,7452,7555,7633,7713,7814,7868,7908,7962,8014,8062,8079,8103,8125,8181,8223,8274,8292,8322,8343,8359,8363,8373,8377,8385,8397,8408,8415,8446,8453,8465,8517,8519,8579,8581,8621,8623,8662,8664,8701,8703,8785,8787,8852,8854,8883,8901,8903,8969,8971,9012,9014,9090,9092,9119,9173,9216,9241,9265,9288,9321,9343,9363,9380,9398,9420,9443,9494,9540,9634,9714,9783,9848,9902,10008,10098,10137,10181,10227,10244,10290,10346,10399,10460,10571,10673,10721,10851,10921,10976,11009,11140,11203,11232,11251,11287,11308,11315,11322,11345,11347,11370,11387,11464,11491,11501,11509,11548,11629
evals/task-suites/longitudinal-github-cli-capability-edge-v3.yaml
  s_ad34c75736933e::t_84d7f2889c6c6b 4,11-12
src/mcp/server-sdk.test.ts
  s_ad34c75736933e::t_84d7f2889c6c6b 80,119,132,147,197,201,220-221,229,238,241
evals/longitudinal/workspaces/esm-cli/package.json
  s_ad34c75736933e::t_84d7f2889c6c6b 2
src/hooks/lock.ts
  s_ad34c75736933e::t_84d7f2889c6c6b 23,29,36-38,146,151,218
src/version-sync.test.ts
  s_ad34c75736933e::t_84d7f2889c6c6b 61-63,88,131,136,149,159
  s_ad34c75736933e::t_d8fd261854f52f 48,53
src/core/decision.test.ts
  s_ad34c75736933e::t_84d7f2889c6c6b 129,1035,1355
  s_ad34c75736933e::t_a94709f6b29724 136-138
evals/task-suites/longitudinal-ripgrep-public-spec-v1.yaml
  s_ad34c75736933e::t_84d7f2889c6c6b 4,12-13
profiles/default/prompts/longmemeval-ingest-extract.txt
  s_ad34c75736933e::t_84d7f2889c6c6b 1
src/cli/commands/install/types.ts
  s_ad34c75736933e::t_84d7f2889c6c6b 7,9-10,15-16,20,25,28-29,32,35,38,61-62,64,77,82,84,110,120-121,145,147-148,157,164,167,176-178
evals/workspaces/typed-result/package.json
  s_ad34c75736933e::t_84d7f2889c6c6b 2
evals/memory/noisy-pinned-context.yaml
  s_ad34c75736933e::t_84d7f2889c6c6b 3
src/cli/commands/migrate-command-lock.test.ts
  s_ad34c75736933e::t_84d7f2889c6c6b 13,17,66-67,81,83,176
src/core/wakeup-data.ts
  s_ad34c75736933e::t_84d7f2889c6c6b 3,166,173,281-282,468,641
src/mcp/AGENTS.md
  s_ad34c75736933e::t_a94709f6b29724 23-25,27-28,30-33,35-36,38-39
  s_ad34c75736933e::t_84d7f2889c6c6b 9,11-13,26,29,34,37,54,80,116,163,169,172,185
src/session-memory-tracker.test.ts
  s_ad34c75736933e::t_84d7f2889c6c6b 64
src/eval/skill-use.ts
  s_ad34c75736933e::t_d8fd261854f52f 1033
evals/task-suites/longitudinal-github-cli-security-v1.yaml
  s_ad34c75736933e::t_84d7f2889c6c6b 4,15-16
src/core/entity.test.ts
  s_ad34c75736933e::t_84d7f2889c6c6b 22
src/hooks/helpers.test.ts
  s_ad34c75736933e::t_84d7f2889c6c6b 35,41-42,148,244,276,295,297,310,345,350-353,355-356,359-360,362,364-367,375,407,443,451,454,457,475,477,481,483,487-488,505,642,1045,1119,1123,1188,1192,1197,1227,1240-1241,1258,1290-1291,1302,1304,1318,1338-1339,1366-1367,1402,1467,1488,1597,1610-1611,1615,1624,1627,1630,1639,1642,1650,1652,1660-1662,1667-1668,1672-1673,1677-1678,1682-1683
src/hooks/config.test.ts
  s_ad34c75736933e::t_84d7f2889c6c6b 49,54,136,138,164,169,174,179,189,233,281,296,323,326,328,330,338,343-344,349-350,357,362-363,374-375,380,385,390
src/profile/index.ts
  s_ad34c75736933e::t_84d7f2889c6c6b 37-39,45-46,48,355,369,455,457,459
src/core/autosave-learning-lock.test.ts
  s_ad34c75736933e::t_84d7f2889c6c6b 43-44
src/core/synopsis-backfill.ts
  s_ad34c75736933e::t_84d7f2889c6c6b 5,171,173,201,204,358,537-538,557,753
src/notion/runtool/README.md
  s_ad34c75736933e::t_a94709f6b29724 27-28,47-48
  s_ad34c75736933e::t_84d7f2889c6c6b 3,22,25,29-34,36,42-43,49-53,56,66,72-75,81,86
evals/memory-quality/run.mjs
  s_ad34c75736933e::t_84d7f2889c6c6b 100,255
src/cli/commands/install/claude.ts
  s_ad34c75736933e::t_84d7f2889c6c6b 28,46,55-57,61,63-64,66-68,81,85,92,94,99,102-103,189,191,201,205,253,259,283,341-342,364,381,390,394
src/cli/migration-lock.test.ts
  s_ad34c75736933e::t_84d7f2889c6c6b 26,39,210,245-246,253,255,380-381,388,390
docs/ci.md
  s_ad34c75736933e::t_0798f5af22cec2 30,97,200,204,207,222,303
  s_ad34c75736933e::t_84d7f2889c6c6b 4,53,64,77,111,119,121-122,128-129,133,136-137,229,260-261,263,272
  s_ad34c75736933e::t_d8fd261854f52f 46,96
src/core/task-reconcile.test.ts
  s_ad34c75736933e::t_84d7f2889c6c6b 783
src/eval/baseline.test.ts
  s_ad34c75736933e::t_84d7f2889c6c6b 21,33,45,50,121,350,367,407,506
src/feature-flags.ts
  s_ad34c75736933e::t_84d7f2889c6c6b 1,10,29,31-36,38,40-45,49,68,95,97,109,115,117,124-125,134,139,144,149,154,159,164,169,176,183,190,200
profiles/support/prompts/longmemeval-ingest-extract.txt
  s_ad34c75736933e::t_84d7f2889c6c6b 1
docs/mcp-tool-authoring.md
  s_ad34c75736933e::t_84d7f2889c6c6b 7-10,15,42-43,51,63,98,101,103,127,184
src/eval/bench-cleanup.ts
  s_ad34c75736933e::t_84d7f2889c6c6b 2,9,20,77-78,133,136
src/core/task-subject-validation.ts
  s_ad34c75736933e::t_84d7f2889c6c6b 108
src/mcp/server.test.ts
  s_ad34c75736933e::t_84d7f2889c6c6b 107-115,170,198,218,227-228,233,235-238,255-258,276,278,281,283,294,307,313-314,343,389,409,420,425,452,475,495,497,507,521,523,590-593,609,611,614,616
src/mcp/tools/memory/promote.ts
  s_ad34c75736933e::t_84d7f2889c6c6b 1,16,18,46,57,74,76
.github/ISSUE_TEMPLATE/bug_report.yml
  s_ad34c75736933e::t_84d7f2889c6c6b 58-59
src/core/conflict.ts
  s_ad34c75736933e::t_84d7f2889c6c6b 11,15,58,63,89,96,133,142,292
evals/bench-suites/longmemeval-raw-transcript.yaml
  s_ad34c75736933e::t_84d7f2889c6c6b 24,27
profiles/conversational/prompts/autosave-tool-guidance.txt
  s_ad34c75736933e::t_84d7f2889c6c6b 1,3-6,8
src/eval/bench-tool.test.ts
  s_ad34c75736933e::t_84d7f2889c6c6b 73,76,85-86,95,101,103,113,118,120,134,140,145,147-150,154,156-157,168,175,186,192,194-195,200-201,204,218,222,240,255,287,299,311,337,373,389,407,412,427,432,463,472,477,481,500,503,506,517,536,539,542,552,560,575,589,594,603,609,613,629,632,648,659,679,700,708,736,752,762,774
  s_ad34c75736933e::t_a94709f6b29724 202-203,212-215,576-578,722-728
tools/aggregate-longitudinal-results.mjs
  s_ad34c75736933e::t_84d7f2889c6c6b 55,204,208-209,228-229,231-232,262-263
src/mcp/fatal-error.ts
  s_ad34c75736933e::t_84d7f2889c6c6b 7
src/config.test.ts
  s_ad34c75736933e::t_84d7f2889c6c6b 11,262,265,271,274,338,385-386,428-429,450,481,490,492,498,507,541-542,546,551,556,564,567-568,572,578,592,605-607,612,616,623,626,641,648,655,687,699,702,709,715,718,728,757,763,776
.codex/config.toml
  s_ad34c75736933e::t_84d7f2889c6c6b 4,6-7
src/core/topic.ts
  s_ad34c75736933e::t_84d7f2889c6c6b 28,74,187,232,251
src/cli/commands/migrate/confidence.ts
  s_ad34c75736933e::t_84d7f2889c6c6b 1,22,56,95,98,133,164,236-237
src/debug-redact.ts
  s_ad34c75736933e::t_84d7f2889c6c6b 3,6,412,441,450
src/core/memory.test.ts
  s_ad34c75736933e::t_84d7f2889c6c6b 562,697,716,936,975,985,1026,1036,1044,1057,1066,1111,1229,2240,2245,2261,2302,3070,3088,3129,3192,3789,3899,3961-3962,3971,4020,4054,4103,4183,4242,4303,4324-4325,4434,4444,4457,4470,5042,5059-5060,5068,5106,5136,5188,5281,5328,5332,5335-5337,5369-5370,5391,5408-5409,5675-5676,5722,6003,6005,6009,6208,6329,6333-6334,6351-6352,6367,6369,6374,6376,6393-6394,6403,6405,6410-6411,6428-6429,6437,6561,6656,8158-8159,8308-8309,8311,8313-8314,8351,8353,8358,8361,8363-8364,8398,8400,8410,8413-8414,8438,8447,8451,8455-8456,8477,8489,8491,8501-8502,8537,8539,8569,8842,8846,8850-8851,8882,8887,8894,8896,8903,8905,8940,9220,9229,9409,9711-9712,9729,9731,10508,10943,11037,11065,11309,11629,11634,11640,11659,11688,11902,13274,13547,14159-14160,14164
  s_ad34c75736933e::t_ba2bdf77e9597d 2730,2791,2931,2996,3058,3147,3934,4015
src/eval/vaults.test.ts
  s_ad34c75736933e::t_84d7f2889c6c6b 9,20,22,29,49,57,65,70,84,87,95,102,117,124
src/package-files.test.ts
  s_ad34c75736933e::t_84d7f2889c6c6b 9
src/profile/migrate.ts
  s_ad34c75736933e::t_84d7f2889c6c6b 17,24,54,710,815,852,892,983,1050,1103,1158,1237,1242,1246,1283
  s_ad34c75736933e::t_a94709f6b29724 907-910
src/core/decay.ts
  s_ad34c75736933e::t_84d7f2889c6c6b 89-90
docs/evals-suite-format.md
  s_ad34c75736933e::t_84d7f2889c6c6b 15,24-25,54,87-88,108,110,131,136-137,145,149,153,157-158,181,193,272,355,363,368,381-382,385,391,395-397,403-405,407-408,414,423,514,516,522,529,566,581-582,608-609,616,620-621,626,664,676,705-706,710,713,718,721-723,734,753,757-758,765-767,771-772,775,779,801,806,809
src/cli/commands/install/cursor.ts
  s_ad34c75736933e::t_84d7f2889c6c6b 40,46-47,49,51,60-62,64,70,75,78-79,95,112,123,129,136,234,240,243,248-249,289,298,311,315,324-325
src/config-guard.test.ts
  s_ad34c75736933e::t_84d7f2889c6c6b 16,25-26,48,74,78,88,104-107,117-118,128,131,133-135,139,141,145-147,150,153-155,165,177,180-181,186,188,207
src/core/wakeup-constants.ts
  s_ad34c75736933e::t_84d7f2889c6c6b 18,38,60
src/hooks/background.ts
  s_ad34c75736933e::t_84d7f2889c6c6b 8,16,56,58,63-67,73,77,111,116,128,163,165,178,202,216,255-257,274,319,328,394-395,405-406,435
evals/task-suites/longitudinal-pytest-public-spec-v1.yaml
  s_ad34c75736933e::t_84d7f2889c6c6b 4,12-13
src/core/memory-update.ts
  s_ad34c75736933e::t_84d7f2889c6c6b 9,23,28,59
src/core/topic-key.ts
  s_ad34c75736933e::t_84d7f2889c6c6b 5,140
docs/cli/contracts/profile.md
  s_ad34c75736933e::t_84d7f2889c6c6b 5,24
src/mcp/tools/knowledge.test.ts
  s_ad34c75736933e::t_84d7f2889c6c6b 148,209,211,220,268,270,283,293,295,298,303,309,318,356,358,361,370,378,387,390,393,406,410,474,476,479,505,515,533,647,681,823,857,925,927,972,1074,1095,1103,1132,1144,1173,1197,1225,1239,1241,1259,1267,1276,1293,1312,1324,1368,1386,1406,1431,1466,1494,1506,1539,1541,1557,1597,1618,1639,1650,1661,1670,1688,1726,1746,1832,1834,1842,1858,1860,1869,1880,1882,1911,1913,1942,1944,1971,1973,2005,2007,2025,2043,2045,2078,2080,2119,2121,2150,2152,2181,2183,2212,2214,2231,2233,2251,2264,2302,2344,2370,2390,2407,2431,2453,2468,2570,2572,2600,2602,2624,2666,2668,2683,2685,2689,2700,2708,2710,2721,2723,2750,2752,2762,2819,2824,2848,2850,2870,2872,2888,2890,2912,2914,2926-2927,2999,3028,3054,3081,3122,3141,3150,3180,3206,3225,3241,3267
src/mcp/tools/text-schema.test.ts
  s_ad34c75736933e::t_84d7f2889c6c6b 16
src/core/fact-confidence.test.ts
  s_ad34c75736933e::t_84d7f2889c6c6b 398,507
src/cli/commands/install/utils.ts
  s_ad34c75736933e::t_84d7f2889c6c6b 159
docs/cli/contracts/eval.md
  s_ad34c75736933e::t_84d7f2889c6c6b 5,14-15
evals/memory/noisy.yaml
  s_ad34c75736933e::t_84d7f2889c6c6b 3
src/mcp/tools/text-schema.ts
  s_ad34c75736933e::t_84d7f2889c6c6b 15-16
profiles/support/prompts/autosave-tool-guidance.txt
  s_ad34c75736933e::t_84d7f2889c6c6b 13
docs/cli/contracts/mine.md
  s_ad34c75736933e::t_84d7f2889c6c6b 5,12,76
hooks/autosave.sh
  s_ad34c75736933e::t_84d7f2889c6c6b 4,7,20
src/cli/commands/migrate/autosave-learning-source.ts
  s_ad34c75736933e::t_84d7f2889c6c6b 2,37,56,118,121
src/cli/commands/migrate/schema.ts
  s_ad34c75736933e::t_84d7f2889c6c6b 1,4,8,118
profiles/default/prompts/autosave-tool-guidance.txt
  s_ad34c75736933e::t_84d7f2889c6c6b 1,3-6,8,10
src/cli/commands/pinned.test.ts
  s_ad34c75736933e::t_84d7f2889c6c6b 62
src/cli/commands/promote.ts
  s_ad34c75736933e::t_84d7f2889c6c6b 2,8,12,21,25,27,29,31,37,46-47,52,60,83,98,111,178
src/core/topic.test.ts
  s_ad34c75736933e::t_84d7f2889c6c6b 282
src/cli/commands/entities.ts
  s_ad34c75736933e::t_84d7f2889c6c6b 2,78
src/core/memory-create.ts
  s_ad34c75736933e::t_84d7f2889c6c6b 14-15,52,166,212,443
src/hooks/transcript.ts
  s_ad34c75736933e::t_84d7f2889c6c6b 86
src/notion/runtool/search.test.ts
  s_ad34c75736933e::t_84d7f2889c6c6b 106-108,111,114-115,120-121,132-133,359
evals/longitudinal/workspaces/follow-up-task/package.json
  s_ad34c75736933e::t_84d7f2889c6c6b 2
src/auth/token-prefix.test.ts
  s_ad34c75736933e::t_84d7f2889c6c6b 39
src/hooks/digest-scheduler.test.ts
  s_ad34c75736933e::t_84d7f2889c6c6b 36-37,39,61,69,126-128,134,136,442-444,530,660,687-689,694,706,711,803,805,807
  s_ad34c75736933e::t_a94709f6b29724 548-550
evals/workspaces/log-format/package.json
  s_ad34c75736933e::t_84d7f2889c6c6b 2
src/core/fact-mapper.ts
  s_ad34c75736933e::t_84d7f2889c6c6b 33,37
src/auth/oauth.ts
  s_ad34c75736933e::t_84d7f2889c6c6b 24,117,132,134-135,140,142-143,161,164,189,237,272,295,300
src/core/topology.ts
  s_ad34c75736933e::t_84d7f2889c6c6b 4,34,66
src/mcp/help.test.ts
  s_ad34c75736933e::t_84d7f2889c6c6b 25,33-34,37,41,44,50,52,59,65-66,70,73,88,91,94-95,97,100,106-107,110,112
evals/vault-seeds/github-cli-powered.yaml
  s_ad34c75736933e::t_84d7f2889c6c6b 2772
docs/conflict-detection.md
  s_ad34c75736933e::t_84d7f2889c6c6b 3,7,20-21,44,46,49,54,57
src/mcp/resolve.ts
  s_ad34c75736933e::t_84d7f2889c6c6b 5,39,45,98,109,118
.npmrc.example
  s_ad34c75736933e::t_ccf9d26762319b 2,6
profiles/support/prompts/autosave-extraction-filter.txt
  s_ad34c75736933e::t_84d7f2889c6c6b 1
src/eval/bench-fetch.ts
  s_ad34c75736933e::t_84d7f2889c6c6b 2
evals/task-suites/longitudinal-pytest-epic-v2.yaml
  s_ad34c75736933e::t_84d7f2889c6c6b 4,14-15
src/memory-result-handles.test.ts
  s_ad34c75736933e::t_84d7f2889c6c6b 42
evals/skill-agent/skillret-readonly-agent-5x500-002.yaml
  s_ad34c75736933e::t_84d7f2889c6c6b 511,513,519
src/mcp/tools/memory/compare.ts
  s_ad34c75736933e::t_84d7f2889c6c6b 1,69,102,188,276,467-468
docs/cli/contracts/conflicts.md
  s_ad34c75736933e::t_84d7f2889c6c6b 5,8
.kennen.example.yaml
  s_ad34c75736933e::t_2ab7cd18f66548 1-3,9-10,16,22-23,37,42,48,51,83,86,89,98,101,121,124-125,134
evals/baselines/kennen-core.json
  s_ad34c75736933e::t_d5dbd2e531ca24 3,22,38,46,62,86,102,118,134,150,166,174,190,198,214,222,238,246,262,270,286,294,310,334,350,374,390,398,414,422,438,446,462,470,486,494,510,518,534
evals/memory/no-kennen.yaml
  s_ad34c75736933e::t_af516654dc8e28 2-3
evals/results/skillret-agent-5x500-chunk-001-10m-2026-06-05.json
  s_ad34c75736933e::t_bf1b27b6e15f4f 9,12,25,42,209,228,246,265,281,300,312,331,350,369,383,402,426,609,628,644,663,679,698,712,731,747,766,782,801,819,831,843,862,878,897,917,1053,1072,1086,1105,1123,1135,1154,1178,1393,1412,1431,1450,1480,1499,1519,1531,1543,1555,1574,1592,1611,1627,1646,1672,1945,1964,1980,1999,2015,2034,2052,2071,2089,2108,2124,2143,2161,2180,2196,2215,2231,2250,2266,2285,2299,2315,2327,2346,2366,2498,2517,2529,2548,2564,2583,2595,2614,2634,2768,2787,2801,2820,2842,2861,2877,2896,2916,3053,3072,3090,3109,3125,3144,3162,3181,3195,3214,3236,3388,3407,3421,3440,3464,3483,3497,3509,3528,3548,3727,3746,3764,3783,3802,3820,3839,3855,3874,3886,3905,3925,3944,3964,4118,4137,4167,4186,4216,4232,4251,4267,4286,4310,4476,4495,4515,4534,4548,4567,4581,4600,4614,4633,4647,4666,4688,4864,4883,4902,4921,4945,4964,4982,5001,5013,5032,5056,5222,5241,5259,5271,5290,5308,5327,5343,5362,5376,5395,5415,5557,5576,5594,5613,5627,5646,5664,5683,5705,5845,5864,5876,5895,5909,5928,5950,6095,6114,6144,6163,6179,6198,6212,6231,6245,6264,6284,6436,6455,6474,6493,6519,6531,6543,6555,6567,6579,6591,6603,6615,6634,6646,6658,6670,6690,6855,6874,6904,6916,6928,6940,6959,6977,6996,7012,7031,7047,7066,7088,7249,7268,7298,7317,7335,7354,7374,7393,7413,7432,7456,7590,7609,7625,7644,7662,7681,7699,7718,7738,7932,7951,7981,8000,8030,8048,8067,8085,8104,8122,8134,8153,8177,8318,8337,8367,8379,8398,8417,8429,8448,8466,8485,8507,8649,8668,8682,8701,8715,8734,8746,8765,8787,8977,8996,9026,9045,9075,9094,9114,9133,9149,9168,9184,9203,9229,9423,9442,9460,9472,9491,9509,9521,9540,9556,9575,9593,9612,9626,9645,9661,9680,9702,9876,9895,9911,9930,9946,9965,9985,9997,10016,10030,10049,10071,10184,10203,10221,10240,10254,10273,10287,10306,10334,10514,10533,10552,10571,10591,10609,10625,10644,10656,10675,10687,10705,10724,10736,10756,10861,10880,10910,10929,10945,10964,10988,11165,11184,11196,11215,11233,11245,11264,11278,11297,11313,11332,11356,11493,11512,11530,11549,11563,11582,11606,11766,11785,11797,11816,11830,11849,11867,11886,11902,11921,11940,11954,11973,11995,12206,12225,12249,12268,12290,12309,12333,12352,12372,12391,12409,12421,12440,12458,12477,12501,12674,12693,12712,12731,12750,12784,12796,12808,12820,12832,12851,12863,12875,12887,12907,13047,13066,13082,13101,13117,13136,13150,13169,13191,13333,13352,13371,13390,13420,13439,13458,13482,13663,13682,13712,13731,13761,13773,13792,13822,13834,13853,13871,13891,14095,14114,14144,14163,14185,14201,14220,14242,14261,14281,14300,14318,14337,14363,14516,14535,14554,14573,14592,14618,14632,14644,14663,14683,14915,14934,14950,14969,14987,15006,15022,15041,15057,15076,15092,15111,15125,15144,15158,15177,15193,15212,15232,15416,15435,15451,15470,15494,15513,15525,15544,15556,15575,15589,15608,15634,15788,15807,15826,15845,15857,15869,15881,15893,15905,15924,15943,15962,15974,15986,15998,16010,16029,16048,16060,16080,16262,16281,16293,16312,16328,16347,16363,16382,16396,16415,16429,16448,16468,16628,16647,16677,16696,16726,16745,16775,16791,16803,16822,16844,17052,17071,17101,17120,17140,17159,17175,17194,17212,17231,17249,17268,17284,17303,17323,17462,17481,17495,17514,17528,17547,17559,17586,17739,17758,17772,17791,17807,17826,17842,17861,17875,17887,17906,17928,18122,18141,18155,18174,18192,18204,18223,18241,18260,18278,18297,18315,18334,18352,18364,18383,18402,18418,18438,18662,18681,18711,18730,18754,18766,18778,18797,18811,18830,18848,18867,18885,18904,18922,18941,18957,18976,19006-19007,19040
evals/results/skillret-agent-5x500-chunk-001-planned-checkpoint-2026-06-06.json
  s_ad34c75736933e::t_0e985169f147f1 7,10,23,38,363-364,397,413-414,447,463-464,497,513-514,547,563-564,597,613-614,647,663-664,697,713-714,747,763-764,797,813-814,847,863-864,897,913-914,947,963-964,997,1013-1014,1047,1063-1064,1097,1113-1114,1147,1163-1164,1197,1213-1214,1247,1263-1264,1297,1313-1314,1347,1363-1364,1397,1413-1414,1447,1463-1464,1497,1513-1514,1547,1563-1564,1597,1613-1614,1647,1663-1664,1697,1713-1714,1747,1763-1764,1797,1813-1814,1847,1863-1864,1897,1913-1914,1947,1963-1964,1997,2013-2014,2047,2063-2064,2097,2113-2114,2147,2163-2164,2197,2213-2214,2247,2263-2264,2297,2313-2314,2347,2363-2364,2397,2413-2414,2447,2463-2464,2497,2513-2514,2547,2600,2767,2786,2804,2823,2839,2858,2870,2889,2908,2927,2941,2960,2985,3168,3187,3203,3222,3238,3257,3271,3290,3306,3325,3341,3360,3378,3390,3402,3421,3437,3456,3477,3613,3632,3646,3665,3683,3695,3714,3739,3954,3973,3992,4011,4041,4060,4080,4092,4104,4116,4135,4153,4172,4188,4207,4234,4499,4518,4536,4555,4575,4594,4608,4627,4645,4664,4682,4701,4721,4740,4756,4775,4797,4816,4834,4853,4872,4891,4907,4928,5060,5079,5091,5110,5126,5145,5157,5176,5197,5331,5350,5364,5383,5405,5424,5440,5459,5480,5617,5636,5654,5673,5689,5708,5726,5745,5759,5778,5801,5953,5972,5986,6005,6029,6048,6062,6074,6093,6114,6293,6312,6330,6349,6368,6386,6405,6421,6440,6452,6471,6491,6510,6531,6685,6704,6734,6753,6783,6799,6818,6834,6853,6878,7089,7097,7116,7135,7143,7151,7161,7171,7181,7200,7218,7237,7255,7274,7292,7311,7335,7354,7372,7391,7409,7428,7448,7467,7492,7668,7687,7706,7725,7749,7768,7786,7805,7817,7836,7861,8027,8046,8064,8076,8095,8113,8132,8148,8167,8181,8200,8221,8363,8382,8400,8419,8433,8452,8470,8489,8512,8652,8671,8683,8702,8716,8735,8758,8903,8922,8952,8971,8987,9006,9020,9039,9053,9072,9093,9245,9264,9283,9302,9328,9340,9352,9364,9376,9388,9400,9412,9424,9443,9455,9467,9479,9500,9665,9684,9714,9726,9738,9750,9769,9787,9806,9822,9841,9857,9876,9899,10060,10079,10109,10128,10146,10165,10185,10204,10224,10243,10268,10402,10421,10437,10456,10474,10493,10511,10530,10551,10745,10764,10794,10813,10843,10861,10880,10898,10917,10935,10947,10966,10991,11132,11151,11181,11193,11212,11231,11243,11262,11280,11299,11322,11464,11483,11497,11516,11530,11549,11561,11580,11603,11776,11795,11813,11832,11852,11871,11889,11908,11924,11943,11959,11978,11994,12013,12038,12232,12251,12269,12281,12300,12318,12330,12349,12365,12384,12402,12421,12435,12454,12470,12489,12512,12686,12705,12721,12740,12756,12775,12795,12807,12826,12840,12859,12882,12995,13014,13032,13051,13065,13084,13098,13117,13146,13326,13345,13364,13383,13403,13421,13437,13456,13468,13487,13499,13517,13536,13548,13569,13674,13693,13723,13742,13758,13777,13802,13979,13998,14010,14029,14047,14059,14078,14092,14111,14127,14146,14171,14308,14327,14345,14364,14378,14397,14422,14607,14626,14656,14675,14689,14708,14720,14739,14753,14772,14788,14807,14819,14838,14850,14869,14892,15104,15123,15153,15173,15185,15197,15209,15228,15240,15252,15264,15276,15295,15307,15319,15331,15350,15362,15374,15386,15405,15417,15429,15441,15453,15472,15484,15496,15508,15520,15539,15551,15563,15575,15587,15606,15618,15630,15642,15661,15673,15685,15706,15879,15898,15917,15936,15955,15989,16001,16013,16025,16037,16056,16068,16080,16092,16113,16253,16272,16288,16307,16323,16342,16356,16375,16398,16540,16559,16578,16597,16627,16646,16665,16690,16871,16890,16920,16939,16969,16981,17000,17030,17042,17061,17079,17100,17304,17323,17353,17372,17394,17410,17429,17451,17470,17490,17509,17527,17546,17573,17726,17745,17764,17783,17802,17828,17842,17854,17873,17894,18126,18145,18161,18180,18198,18217,18233,18252,18268,18287,18303,18322,18336,18355,18369,18388,18404,18423,18444,18628,18647,18663,18682,18706,18725,18737,18756,18768,18787,18801,18820,18847,19001,19020,19039,19058,19070,19082,19094,19106,19118,19137,19156,19175,19187,19199,19211,19223,19242,19261,19273,19294,19476,19495,19507,19526,19542,19561,19577,19596,19610,19629,19643,19662,19683,19843,19862,19892,19911,19941,19960,19990,20006,20018,20037,20060,20268,20287,20317,20336,20356,20375,20391,20410,20428,20447,20465,20484,20500,20519,20540,20679,20698,20712,20731,20745,20764,20776,20804,20957,20976,20990,21009,21025,21044,21060,21079,21093,21105,21124,21147,21341,21360,21374,21393,21411,21423,21442,21460,21479,21497,21516,21534,21553,21571,21583,21602,21621,21637,21658,21882,21901,21931,21950,21974,21986,21998,22017,22031,22050,22068,22087,22105,22124,22142,22161,22177,22196,22221,22395,22414,22432,22451,22469,22488,22502,22521,22537,22556,22574,22595,22766,22785,22805,22824,22844,22863,22885,22904,22929,23038,23057,23071,23090,23106,23125,23139,23158,23170,23189,23214,23385,23404,23423,23442,23474,23486,23498,23510,23522,23541,23560,23572,23584,23596,23608,23620,23632,23653,23819,23838,23858,23877,23893,23912,23924,23943,23959,23978,23990,24005,24019,24038,24050,24069,24094,24250,24269,24285,24304,24320,24339,24353,24372,24391,24405,24424,24447,24591,24610,24624,24643,24659,24678,24692,24711,24723,24742,24754,24773,24796,24942,24961,24973,24992,25008,25020,25039,25053,25072,25088,25107,25130,25238,25257,25271,25290,25304,25323,25335,25354,25377,25522,25541,25571,25591,25610,25632,25651,25680,25855,25874,25890,25909,25927,25946,25962,25981,25997,26016,26037,26233,26252,26270,26289,26303,26322,26334,26353,26369,26388,26406,26425,26441,26460,26472,26491,26503,26522,26538,26557,26580,26722,26741,26760,26779,26801,26813,26832,26855,26995,27014,27033,27052,27071,27101,27113,27125,27137,27158,27298,27317,27333,27352,27366,27385,27401,27420,27432,27451,27472,27620,27639,27669,27688,27704,27723,27741,27753,27772,27784,27803,27824,27987,28006,28018,28037,28053,28072,28088,28107,28125,28137,28156,28179,28366,28385,28415,28433,28452,28470,28489,28507,28526,28542,28561,28575,28594,28619,28817,28836,28866,28885,28915,28934,28964,28983,29013,29032,29062,29074,29093,29132,29316,29335,29365,29384,29414,29433,29455,29467,29479,29498,29518,29530,29549,29563,29582,29602,29614,29635,29870,29889,29907,29926,29942,29961,29979,29998,30014,30033,30051,30070,30086,30105,30121,30140,30154,30166,30185,30210,30412,30431,30461,30480,30510,30529,30559,30571,30585,30597,30616,30646,30665,30704,30914,30933,30963,30975,30994,31010,31029,31047,31066,31082,31101,31117,31136,31150,31166,31178,31194,31213,31242,31384,31403,31419,31438,31454,31473,31491,31510,31531,31759,31778,31802,31821,31839,31858,31878,31897,31913,31932,31948,31967,31985,32004,32033,32202,32221,32241,32260,32274,32293,32311,32323,32342,32361,32377,32395,32414,32432,32451,32474,32689,32708,32722,32741,32753,32772,32787,32799,32818,32837,32849,32868,32880,32899,32918,32937,32956,32975,32993,33012,33026,33045,33064,33076,33095,33114,33135,33314,33333,33363,33382,33398,33417,33431,33450,33468,33487,33505,33526,33777,33796,33826,33845,33867,33886,33906,33925,33945,33964,33982,34001,34019,34038,34054,34073,34102,34226,34245,34259,34278,34296,34315,34342,34502,34510,34529,34549,34557,34576,34596,34615,34631,34650,34668,34687,34701,34720,34745,34925,34944,34960,34979,35001,35015,35034,35050,35069,35087,35106,35127,35292,35311,35325,35344,35360,35379,35393,35412,35426,35445,35457,35476,35488,35507,35528,35703,35722,35734,35753,35765,35784,35796,35815,35829,35848,35860,35879,35897,35916,35941,36100,36119,36149,36161,36173,36185,36204,36216,36228,36240,36259,36271,36283,36295,36314,36335,36495,36514,36532,36551,36567,36586,36598,36617,36631,36650,36666,36685,36708,36881,36900,36918,36937,36949,36968,36984,37003,37019,37038,37063,37248,37267,37297,37316,37346,37365,37383,37395,37414,37432,37451,37478,37646,37665,37679,37698,37712,37731,37743,37762,37774,37793,37805,37824,37840,37859,37882,38057,38076,38094,38113,38129,38141,38153,38172,38190,38202,38214,38226,38245,38259,38278,38290,38309,38329,38341,38353,38365,38384,38409,38533,38552,38566,38585,38605,38624,38640,38659,38673,38692,38713,38853,38872,38886,38905,38921,38940,38952,38971,38992,39176,39184,39192,39202,39221,39240,39270,39289,39319,39338,39368,39387,39417,39436,39466,39485,39515,39546,39740,39759,39789,39808,39838,39857,39871,39890,39920,39936,39955,39971,39987,40006,40031,40175,40194,40212,40231,40249,40261,40280,40294,40313,40334,40469,40488,40504,40523,40535,40554,40572,40591,40614,40800,40819,40835,40854,40870,40889,40901,40920,40932,40951,40963,40982,40996,41015,41036,41222,41241,41271,41290,41306,41325,41341,41360,41378,41397,41411,41430,41453,41612,41631,41647,41666,41684,41703,41719,41738,41756,41775,41802,41912,41931,41943,41962,41974,41993,42016,42187,42206,42224,42243,42261,42280,42300,42319,42327,42341,42360,42374,42395,42552,42571,42601,42620,42632,42651,42673,42692,42708,42727,42752,42981,43000,43030,43049,43067,43086,43108,43127,43147,43166,43184,43203,43217,43236,43259,43417,43436,43466,43485,43515,43534,43564,43583,43604,43814,43833,43851,43870,43884,43903,43921,43940,43960,43979,43997,44016,44032,44051,44069,44088,44102,44123,44293,44312,44328,44347,44361,44380,44394,44413,44427,44446,44462,44490,44645,44664,44680,44699,44713,44732,44744,44763,44775,44794,44806,44825,44848,45025,45044,45064,45083,45103,45122,45140,45159,45181,45200,45214,45233,45253,45272,45290,45311,45445,45464,45478,45497,45513,45532,45546,45565,45588,45770,45789,45807,45826,45844,45863,45881,45900,45914,45933,45947,45966,45989,46154,46173,46203,46222,46238,46257,46273,46292,46310,46322,46343,46516,46535,46565,46584,46602,46621,46639,46658,46677,46693,46712,46739,46879,46898,46910,46929,46945,46964,46978,46997,47011,47030,47053,47269,47288,47300,47319,47333,47352,47372,47391,47405,47424,47440,47452,47464,47483,47502,47514,47533,47561,47778,47797,47827,47846,47876,47895,47919,47938,47958,47977,47997,48016,48034,48053,48069,48088,48102,48120,48141,48264,48283,48302,48321,48341,48364,48505,48524,48543,48562,48596,48608,48620,48632,48653,48820,48839,48869,48888,48908,48927,48943,48962,48980,48999,49013,49032,49046,49065,49088,49254,49273,49303,49322,49344,49363,49377,49396,49416,49435,49462,49648,49667,49687,49706,49724,49743,49757,49776,49790,49809,49825,49844,49860,49872,49891,49912,50069,50088,50118,50137,50155,50174,50194,50213,50233,50252,50272,50291,50303,50322,50344,50363,50388,50558,50577,50607,50626,50644,50656,50675,50695,50707,50721,50740,50763,50925,50944,50962,50981,50999,51018,51030,51049,51065,51084,51109,51271,51290,51309,51328,51344,51360,51372,51391,51405,51426,51563,51582,51596,51615,51627,51646,51666,51689,51867,51886,51916,51935,51965,51984,52002,52021,52041,52060,52085,52250,52269,52285,52304,52322,52341,52357,52376,52394,52413,52440,52566,52585,52601,52620,52636,52655,52680,52907,52926,52956,52975,53005,53024,53054,53066,53085,53115,53127,53139,53158,53188,53200,53219,53231,53243,53255,53267,53286,53298,53319,53457,53476,53495,53514,53530,53548,53573,53725,53744,53760,53779,53797,53816,53834,53846,53865,53881,53900,53923,54053,54072,54090,54109,54121,54140,54152,54171,54185,54204,54229,54377,54396,54412,54431,54445,54464,54483,54499,54518,54532,54551,54563,54591,54739,54758,54788,54807,54821,54840,54854,54873,54896,55041,55060,55072,55091,55105,55124,55138,55157,55169,55186,55363,55382,55402,55421,55441,55460,55476,55495,55511,55530,55548,55567,55590,55726,55745,55761,55780,55792,55811,55827,55846,55858,55877,55900,56032,56051,56069,56088,56104,56123,56146,56290,56309,56325,56344,56362,56381,56397,56416,56437,56561,56580,56596,56615,56629,56648,56662,56681,56693,56712,56735,56881,56900,56914,56933,56951,56963,56982,56998,57017,57029,57048,57069,57253,57272,57290,57309,57327,57346,57362,57381,57395,57414,57434,57446,57451,57454,57475,57619,57638,57652,57671,57689,57708,57727,57739,57758,57777,57798,58075,58094,58124,58143,58169,58188,58210,58229,58253,58272,58292,58311,58333,58352,58370,58389,58409,58423,58442,58462,58481,58502,58640,58659,58689,58708,58726,58745,58763,58788,58917,58936,58966,58985,58997,59016,59041,59229,59248,59268,59287,59307,59326,59342,59361,59383,59402,59418,59437,59449,59468,59493,59628,59647,59667,59686,59702,59721,59735,59754,59768,59789,60068,60087,60117,60136,60154,60166,60185,60203,60215,60234,60256,60275,60289,60308,60320,60339,60358,60374,60393,60411,60423,60435,60447,60459,60478,60494,60513,60527,60546,60569,60760,60779,60809,60828,60858,60877,60907,60926,60956,60968,60987,61026,61206,61225,61241,61260,61276,61295,61307,61326,61342,61354,61366,61385,61399,61418,61445,61621,61640,61660,61672,61691,61707,61726,61740,61759,61775,61787,61806,61818,61837,61858,62022,62041,62057,62076,62092,62111,62129,62148,62162,62181,62195,62214,62235,62464,62483,62513,62532,62552,62571,62593,62612,62634,62653,62671,62690,62708,62727,62741,62753,62772,62790,62809,62830,62977,62996,63018,63037,63051,63070,63082,63101,63119,63131,63152,63338,63357,63376,63395,63417,63436,63452,63464,63476,63495,63511,63530,63542,63561,63584,63841,63860,63890,63909,63939,63958,63988,64000,64019,64035,64054,64070,64089,64109,64121,64140,64156,64175,64191,64212,64407,64426,64445,64464,64504,64523,64542,64572,64584,64596,64608,64620,64632,64644,64656,64677,64876,64895,64925,64944,64962,64981,64993,65012,65030,65049,65069,65088,65108,65127,65150,65351,65370,65400,65419,65437,65456,65476,65495,65515,65534,65552,65571,65587,65606,65620,65639,65664,65822,65841,65871,65890,65908,65920,65939,65959,65978,66001,66173,66192,66208,66227,66241,66260,66279,66293,66312,66331,66350,66371,66566,66585,66615,66634,66660,66676,66695,66717,66736,66750,66769,66783,66802,66816,66835,66862,67006,67025,67037,67056,67072,67091,67107,67119,67138,67163,67303,67322,67340,67359,67377,67396,67408,67427,67441,67460,67485,67599,67618,67634,67653,67674,67814,67833,67853,67872,67890,67909,67925,67944,67964,67983,68001,68020,68049,68204,68223,68241,68260,68278,68297,68315,68334,68350,68369,68394,68560,68579,68591,68610,68624,68643,68657,68669,68688,68710,68729,68745,68757,68780,68967,68986,69016,69035,69051,69063,69082,69096,69115,69129,69148,69164,69183,69203,69222,69247,69429,69448,69470,69489,69511,69530,69542,69561,69579,69598,69612,69631,69643,69662,69685,69871,69890,69920,69939,69969,69988,70002,70021,70041,70060,70078,70094,70113,70136,70279,70298,70328,70340,70359,70377,70396,70412,70431,70454,70618,70637,70667,70686,70704,70723,70741,70760,70778,70797,70824,70990,71009,71025,71044,71060,71079,71099,71118,71134,71153,71180,71358,71377,71393,71412,71430,71449,71463,71482,71498,71517,71535,71554,71579,71701,71720,71734,71753,71769,71788,71811,71958,71977,71997,72016,72034,72053,72071,72090,72106,72125,72148,72275,72294,72308,72327,72343,72362,72374,72402,72582,72601,72631,72650,72680,72699,72729,72748,72778,72797,72827,72848,73000,73019,73037,73056,73074,73086,73098,73117,73135,73147,73159,73178,73194,73215,73384,73403,73422,73441,73453,73465,73477,73489,73501,73520,73532,73544,73563,73575,73587,73606,73618,73639,73793,73812,73842,73861,73879,73898,73912,73931,73956,74217,74236,74266,74285,74307,74326,74350,74362,74374,74390,74409,74427,74446,74466,74485,74503,74522,74538,74557,74575,74594,74616,74635,74664,74832,74851,74881,74900,74930,74946,74965,74981,75000,75020,75032,75051,75071,75090,75113,75353,75372,75402,75421,75441,75460,75474,75493,75513,75527,75546,75562,75581,75597,75616,75632,75644,75663,75677,75696,75723,75909,75928,75958,75977,76007,76026,76046,76065,76087,76101,76120,76138,76157,76175,76194,76221,76417,76425,76433,76441,76449,76468,76476,76495,76525,76544,76566,76585,76599,76618,76632,76646,76658,76677,76689,76715,76923,76942,76960,76979,76991,77010,77029,77043,77062,77076,77095,77109,77128,77147,77161,77180,77194,77213,77232,77244,77263,77282,77305,77427,77446,77462,77481,77501,77513,77525,77537,77545,77564,77585,77727,77746,77765,77784,77812,77831,77856,78033,78052,78066,78085,78101,78120,78134,78153,78167,78186,78198,78217,78231,78250,78275,78445,78464,78480,78499,78519,78538,78552,78571,78590,78609,78625,78644,78658,78677,78700,78816,78835,78847,78866,78880,78899,78920,79104,79123,79141,79160,79178,79197,79213,79232,79246,79265,79284,79303,79322,79343,79557,79576,79598,79617,79637,79656,79674,79693,79713,79725,79744,79758,79770,79789,79809,79828,79851,79975,79994,80012,80031,80043,80062,80076,80095,80118,80301,80320,80350,80369,80389,80408,80426,80445,80465,80480,80502,80521,80541,80560,80583,80726,80745,80763,80782,80796,80808,80827,80839,80851,80863,80882,80894,80913,80927,80955,81116,81135,81153,81172,81194,81213,81231,81250,81277,81444,81463,81493,81512,81542,81561,81581,81600,81620,81639,81657,81678,81875,81894,81924,81943,81961,81980,81998,82017,82037,82056,82070,82089,82109,82123,82142,82156,82175,82200,82352,82371,82401,82420,82434,82453,82471,82490,82515,82639,82658,82670,82689,82707,82726,82749,82906,82925,82939,82958,82972,82991,83005,83024,83042,83061,83073,83092,83117,83258,83277,83289,83308,83324,83343,83361,83380,83407,83578,83597,83627,83639,83658,83676,83695,83711,83730,83742,83761,83788,83921,83940,83958,83977,83995,84014,84030,84049,84074,84275,84294,84324,84343,84361,84373,84392,84410,84429,84447,84466,84484,84503,84521,84540,84569,84708,84727,84743,84762,84778,84797,84824,84941,84960,84990,85009,85039,85058,85097,85284,85303,85321,85340,85358,85377,85396,85410,85429,85447,85466,85484,85503,85519,85538,85554,85573,85598,85746,85765,85795,85814,85844,85863,85881,85900,85918,85937,85957,85976,86001,86176,86195,86225,86244,86260,86279,86293,86312,86324,86343,86361,86380,86403,86562,86581,86611,86630,86648,86667,86687,86706,86726,86751,86920,86939,86957,86976,87006,87025,87043,87062,87080,87099,87115,87134,87148,87167,87192,87393,87412,87430,87449,87467,87486,87506,87525,87543,87562,87584,87596,87608,87627,87651,87663,87675,87687,87699,87718,87736,87757,88004,88023,88053,88072,88088,88107,88127,88139,88158,88174,88193,88209,88228,88244,88263,88279,88298,88312,88331,88347,88366,88387,88555,88574,88604,88623,88653,88665,88684,88714,88733,88772,88915,88934,88950,88969,88985,89004,89018,89037,89060,89233,89252,89282,89301,89323,89335,89354,89372,89391,89409,89428,89444,89456,89477,89642,89661,89679,89698,89714,89733,89751,89770,89789,89814,89951,89970,89988,90007,90021,90040,90058,90077,90091,90110,90135,90284,90303,90317,90336,90352,90371,90387,90406,90433,90584,90603,90622,90641,90653,90665,90677,90689,90701,90713,90725,90737,90749,90768,90780,90792,90813,91006,91025,91055,91074,91090,91109,91125,91144,91166,91180,91199,91219,91231,91250,91264,91283,91308,91447,91466,91485,91504,91526,91545,91570,91716,91735,91749,91761,91780,91800,91812,91831,91849,91877,92063,92082,92100,92119,92137,92149,92168,92184,92203,92221,92240,92256,92275,92291,92310,92324,92343,92366,92540,92559,92578,92597,92623,92642,92664,92676,92688,92700,92719,92731,92750,92771,92946,92965,92995,93014,93044,93063,93083,93102,93122,93143,93296,93315,93331,93350,93366,93385,93399,93418,93434,93453,93476,93610,93629,93659,93678,93696,93715,93733,93752,93775,93969,93988,94018,94037,94067,94086,94116,94135,94165,94184,94214,94226,94238,94257,94282,94461,94480,94510,94529,94547,94566,94582,94601,94615,94629,94648,94668,94687,94710,94883,94902,94932,94951,94965,94984,95006,95025,95049,95068,95095,95234,95253,95271,95290,95306,95325,95341,95360,95383,95546,95565,95584,95603,95633,95651,95670,95684,95703,95730,95890,95909,95939,95958,95976,95995,96013,96032,96050,96069,96094,96226,96245,96263,96282,96300,96319,96344,96464,96483,96501,96520,96542,96561,96590,96789,96808,96828,96847,96863,96882,96900,96919,96937,96956,96976,96995,97009,97028,97040,97061,97228,97247,97277,97296,97326,97345,97375,97394,97424,97436,97448,97476,97607,97626,97644,97663,97679,97691,97710,97737,97891,97910,97930,97949,97965,97984,98000,98019,98033,98052,98075,98245,98264,98294,98313,98331,98350,98372,98391,98407,98426,98442,98461,98500,98645,98664,98682,98701,98717,98736,98752,98771,98790,98813,99027,99046,99076,99095,99125,99144,99174,99193,99223,99242,99272,99291,99321,99340,99370,99389,99401,99420,99459,99644,99663,99693,99707,99726,99752,99771,99787,99806,99824,99843,99855,99874,99886,99905,99921,99940,99967,100078,100097,100115,100134,100150,100169,100194,100334,100353,100383,100402,100422,100441,100459,100478,100494,100513,100529,100548,100564,100583,100610,100752,100771,100801,100820,100836,100855,100880,101082,101101,101117,101136,101158,101177,101193,101212,101236,101255,101277,101296,101314,101333,101349,101372,101574,101593,101609,101621,101640,101652,101671,101685,101704,101716,101735,101751,101770,101782,101801,101817,101836,101857,102018,102037,102067,102086,102116,102135,102165,102184,102223,102431,102450,102480,102499,102517,102529,102548,102566,102585,102603,102622,102638,102657,102676,102692,102711,102734,102896,102915,102929,102948,102978,102997,103009,103021,103033,103052,103064,103076,103088,103107,103119,103131,103152,103401,103409,103428,103458,103466,103485,103499,103518,103538,103557,103573,103592,103612,103631,103649,103668,103688,103707,103721,103740,103756,103775,103795,103814,103841,104010,104029,104045,104064,104080,104099,104117,104136,104152,104171,104189,104210,104360,104379,104397,104416,104436,104455,104471,104483,104502,104525,104673,104692,104722,104736,104755,104771,104790,104810,104829,104845,104864,104893,105028,105047,105059,105078,105090,105109,105123,105142,105160,105179,105200,105331,105350,105380,105392,105411,105423,105435,105454,105466,105478,105490,105509,105521,105533,105545,105564,105576,105588,105609,105796,105815,105845,105864,105882,105901,105919,105938,105958,105972,105991,106003,106022,106038,106057,106078,106202,106221,106251,106270,106290,106302,106321,106346,106492,106511,106527,106546,106558,106577,106589,106608,106620,106639,106655,106674,106699,106869,106888,106906,106925,106943,106962,106980,106999,107019,107038,107067,107195,107214,107232,107251,107267,107286,107302,107321,107344,107538,107557,107587,107606,107622,107641,107659,107678,107698,107717,107735,107754,107775,107984,108003,108033,108053,108065,108084,108104,108123,108139,108151,108170,108186,108205,108223,108242,108256,108275,108300,108452,108471,108501,108520,108550,108569,108599,108618,108645,108809,108828,108858,108877,108907,108926,108944,108963,108981,109000,109022,109043,109179,109198,109214,109233,109249,109268,109307,109445,109464,109483,109502,109521,109551,109563,109575,109596,109786,109805,109823,109842,109862,109881,109901,109920,109944,109958,109977,109997,110016,110032,110051,110078,110313,110332,110348,110367,110385,110404,110424,110443,110459,110478,110498,110517,110537,110556,110574,110593,110613,110632,110644,110663,110690,110836,110855,110873,110892,110906,110925,110939,110958,110976,110995,111007,111026,111051,111185,111204,111222,111241,111257,111276,111290,111318,111535,111554,111584,111603,111621,111640,111662,111681,111695,111714,111736,111750,111769,111783,111802,111816,111835,111853,111872,111890,111909,111934,112158,112177,112207,112226,112246,112265,112285,112304,112322,112341,112359,112378,112392,112404,112423,112439,112451,112470,112495,112613,112632,112662,112681,112697,112716,112732,112751,112774,112894,112913,112927,112946,112958,112977,112991,113010,113022,113041,113053,113072,113084,113103,113124,113294,113313,113333,113352,113370,113389,113407,113426,113446,113458,113477,113493,113512,113537,113672,113691,113705,113724,113740,113759,113775,113796,113986,114005,114035,114054,114072,114091,114107,114126,114144,114163,114179,114198,114219,114389,114408,114424,114443,114457,114476,114492,114511,114529,114548,114564,114583,114608,114779,114798,114828,114847,114865,114884,114898,114917,114931,114950,114962,114981,114997,115016,115043,115167,115186,115205,115224,115254,115275,115408,115427,115441,115460,115476,115495,115520,115641,115660,115679,115698,115722,115734,115746,115758,115770,115782,115803,116030,116049,116065,116084,116100,116119,116139,116158,116174,116182,116201,116217,116236,116254,116273,116289,116308,116333,116505,116524,116554,116568,116587,116607,116626,116644,116663,116679,116698,116714,116733,116756,116886,116905,116924,116943,116963,116982,117009,117190,117209,117239,117258,117274,117293,117311,117330,117348,117367,117385,117404,117420,117439,117464,117674,117693,117709,117728,117744,117763,117777,117796,117810,117829,117845,117864,117876,117895,117914,117928,117947,117961,117980,117992,118011,118032,118164,118183,118195,118214,118226,118245,118264,118283,118302,118325,118471,118490,118520,118539,118569,118588,118613,118803,118822,118852,118871,118887,118906,118918,118937,118951,118970,118982,119001,119013,119032,119055,119195,119214,119228,119247,119261,119280,119294,119313,119338,119552,119571,119601,119620,119650,119669,119699,119711,119723,119737,119756,119774,119793,119809,119828,119849,120026,120045,120075,120094,120114,120133,120153,120172,120186,120205,120219,120238,120250,120271,120418,120437,120453,120472,120492,120511,120531,120543,120562,120585,120765,120784,120814,120826,120845,120875,120887,120906,120936,120948,120960,120972,120984,121003,121015,121027,121048,121187,121206,121222,121241,121257,121276,121305,121442,121461,121479,121498,121510,121529,121541,121553,121572,121597,121877,121896,121926,121945,121967,121979,121998,122016,122035,122049,122068,122088,122107,122125,122144,122163,122181,122200,122214,122233,122249,122268,122282,122301,122324,122488,122507,122537,122556,122576,122595,122611,122630,122648,122673,122825,122844,122858,122877,122893,122912,122926,122945,122959,122978,122990,123009,123032,123235,123254,123284,123303,123333,123352,123382,123401,123417,123436,123458,123470,123482,123494,123513,123527,123546,123571,123733,123752,123782,123801,123821,123840,123856,123875,123889,123908,123924,123943,123959,123978,123992,124011,124034,124173,124192,124222,124234,124253,124269,124288,124311,124431,124450,124466,124485,124499,124518,124532,124551,124574,124748,124767,124797,124816,124830,124849,124865,124884,124896,124915,124927,124946,124973,125153,125172,125202,125221,125243,125262,125280,125299,125319,125338,125354,125375,125504,125523,125537,125556,125572,125591,125614,125768,125787,125803,125822,125840,125859,125873,125892,125917,126061,126080,126094,126113,126131,126150,126164,126183,126208,126418,126437,126456,126475,126505,126524,126543,126562,126586,126598,126610,126622,126634,126646,126665,126684,126696,126708,126720,126732,126753,126928,126947,126977,126989,127008,127038,127057,127073,127092,127110,127129,127156,127332,127351,127369,127388,127404,127423,127439,127451,127470,127492,127511,127527,127546,127571,127720,127739,127757,127776,127796,127815,127833,127852,127883,128037,128056,128076,128095,128111,128130,128146,128158,128177,128202,128371,128390,128420,128439,128451,128470,128500,128519,128531,128550,128564,128585,128794,128813,128843,128862,128892,128911,128941,128960,128990,129009,129039,129060,129285,129304,129320,129339,129357,129376,129398,129417,129433,129452,129470,129489,129505,129524,129536,129555,129567,129595,129737,129756,129772,129791,129809,129821,129840,129856,129875,129898,130067,130086,130104,130123,130143,130162,130184,130203,130221,130233,130252,130272,130284,130303,130332,130499,130518,130548,130567,130591,130607,130619,130633,130652,130670,130689,130705,130724,130753,130918,130937,130955,130974,130992,131011,131027,131046,131065,131083,131102,131127,131283,131302,131332,131351,131369,131388,131404,131423,131437,131456,131481,131601,131620,131638,131657,131673,131692,131708,131727,131750,131931,131950,131980,131999,132029,132048,132078,132097,132127,132146,132185,132322,132341,132360,132379,132397,132416,132435,132454,132481,132639,132658,132688,132707,132719,132738,132754,132773,132798,132972,132991,133021,133040,133060,133079,133101,133120,133138,133157,133175,133196,133367,133386,133406,133425,133447,133466,133486,133505,133525,133544,133573,133721,133740,133752,133771,133787,133806,133822,133841,133864,134023,134042,134072,134091,134109,134128,134146,134165,134181,134200,134225,134407,134426,134456,134475,134491,134510,134530,134542,134561,134577,134596,134616,134635,134653,134665,134684,134707,134902,134921,134937,134956,134972,134991,135009,135028,135046,135065,135085,135104,135129,135293,135312,135342,135361,135381,135400,135420,135439,135455,135474,135503,135679,135698,135728,135747,135767,135786,135806,135825,135841,135860,135874,135893,135913,135932,135959,136150,136169,136199,136218,136238,136257,136273,136292,136312,136331,136353,136372,136388,136407,136432,136587,136606,136625,136655,136674,136704,136723,136753,136772,136802,136821,136851,136870,136900,136919,136958,137147,137166,137196,137215,137233,137247,137266,137288,137307,137335,137354,137370,137389,137417,137436,137456,137475,137506,137689,137708,137738,137756,137775,137793,137812,137828,137847,137863,137882,137898,137917,137929,137948,137970,137989,138005,138026,138210,138229,138259,138278,138308,138327,138339,138358,138378,138397,138413,138432,138452,138473,138698,138717,138747,138766,138796,138815,138845,138864,138880,138899,138917,138935,138947,138966,138982,139001,139017,139029,139048,139060,139079,139102,139299,139318,139348,139367,139385,139404,139422,139441,139457,139476,139488,139507,139521,139540,139554,139573,139587,139606,139627,139799,139818,139848,139867,139883,139902,139916,139935,139951,139970,139982,140001,140013,140032,140046,140065,140079,140098,140121,140313,140332,140362,140381,140411,140430,140460,140479,140495,140514,140528,140547,140567,140579,140598,140616,140635,140660,140797,140816,140830,140849,140865,140884,140900,140919,140935,140954,140966,140985,141014,141189,141208,141238,141257,141277,141296,141316,141335,141353,141372,141392,141411,141427,141446,141460,141479,141502,141682,141701,141717,141736,141758,141777,141789,141808,141824,141836,141848,141867,141887,141899,141911,141923,141935,141954,141970,141989,142010,142230,142249,142268,142298,142317,142337,142356,142372,142391,142405,142424,142440,142459,142473,142492,142504,142523,142539,142558,142572,142591,142607,142628,142863,142882,142912,142931,142953,142972,142992,143011,143033,143052,143066,143085,143105,143124,143144,143163,143181,143195,143214,143232,143251,143276,143459,143478,143508,143527,143545,143564,143584,143600,143619,143635,143654,143668,143687,143701,143720,143734,143753,143778,143962,143981,144011,144030,144060,144072,144091,144109,144128,144144,144163,144179,144198,144214,144233,144256,144445,144464,144484,144503,144521,144540,144562,144574,144593,144605,144624,144640,144659,144673,144692,144708,144729,144918,144937,144955,144974,144998,145017,145033,145052,145074,145093,145117,145136,145156,145175,145191,145210,145230,145242,145263,145483,145502,145532,145551,145571,145590,145610,145629,145649,145668,145688,145707,145731,145750,145768,145782,145801,145819,145838,145863,146086,146105,146135,146154,146178,146197,146217,146236,146256,146268,146287,146307,146326,146350,146369,146385,146404,146420,146432,146451,146463,146475,146496,146655,146674,146704,146723,146741,146760,146776,146795,146813,146825,146844,146875,147098,147117,147147,147166,147196,147215,147245,147264,147294,147313,147343,147362,147392,147411,147441,147462,147611,147630,147642,147661,147673,147692,147710,147729,147743,147762,147780,147799,147813,147832,147859,148045,148053,148061,148080,148099,148129,148148,148162,148181,148197,148216,148234,148253,148267,148286,148300,148319,148344,148497,148516,148546,148565,148595,148614,148644,148663,148693,148712,148751,148911,148930,148946,148965,148985,149004,149018,149037,149055,149074,149086,149105,149121,149140,149161,149357,149376,149392,149411,149429,149441,149460,149480,149499,149519,149538,149558,149577,149593,149612,149628,149647,149676,149838,149857,149873,149892,149904,149923,149939,149958,149972,149991,150007,150026,150053,150239,150258,150288,150307,150325,150344,150358,150377,150391,150410,150426,150445,150459,150478,150492,150511,150527,150546,150571,150795,150814,150844,150863,150883,150895,150914,150932,150951,150971,150990,151006,151025,151039,151058,151078,151097,151113,151132,151144,151163,151188,151361,151369,151388,151408,151427,151451,151470,151496,151515,151531,151550,151574,151593,151611,151630,151655,151872,151891,151909,151928,151946,151965,151985,152004,152018,152037,152051,152070,152088,152107,152121,152140,152154,152173,152191,152210,152233,152413,152432,152462,152481,152503,152522,152536,152555,152575,152594,152612,152631,152645,152664,152689,152833,152852,152882,152901,152931,152943,152962,152974,152986,153005,153017,153036,153048,153067,153079,153098,153110,153131,153331,153350,153364,153383,153403,153422,153442,153461,153475,153494,153512,153531,153549,153568,153586,153605,153617,153636,153659,153821,153840,153870,153889,153903,153922,153940,153959,153971,153990,154016,154030,154049,154065,154084,154105,154254,154273,154291,154310,154332,154344,154363,154379,154398,154414,154433,154449,154468,154491,154666,154685,154715,154734,154764,154783,154805,154824,154842,154861,154883,154902,154931,155123,155142,155172,155188,155207,155221,155240,155254,155273,155287,155306,155318,155337,155357,155376,155390,155409,155428,155442,155461,155482,155666,155685,155699,155718,155740,155759,155779,155798,155816,155835,155853,155872,155888,155907,155938,156151,156170,156200,156219,156241,156260,156278,156297,156313,156332,156352,156371,156389,156408,156428,156447,156465,156484,156500,156519,156542,156726,156745,156775,156794,156808,156827,156847,156866,156880,156899,156913,156932,156946,156965,156979,156998,157014,157033,157054,157248,157267,157287,157306,157324,157343,157361,157380,157396,157415,157435,157447,157459,157478,157496,157515,157540,157714,157733,157763,157782,157800,157819,157837,157856,157874,157886,157894,157906,157920,157932,157951,157967,157986,158000,158019,158042,158231,158250,158280,158299,158311,158330,158346,158365,158379,158398,158412,158431,158443,158462,158483,158630,158649,158679,158698,158720,158739,158761,158773,158792,158816,158828,158847,158865,158884,158913,159167,159186,159216,159235,159265,159284,159304,159323,159341,159360,159382,159396,159415,159429,159448,159464,159483,159499,159518,159534,159553,159569,159588,159600,159619,159640,159883,159902,159932,159951,159981,160000,160030,160049,160071,160090,160114,160126,160145,160169,160188,160210,160229,160253,160272,160292,160311,160340,160531,160550,160580,160592,160611,160641,160653,160672,160686,160705,160727,160746,160760,160779,160799,160818,160832,160851,160863,160882,160907,161063,161082,161100,161119,161135,161154,161176,161195,161213,161232,161248,161267,161292,161437,161456,161472,161491,161509,161528,161546,161565,161581,161600,161627,161874,161893,161923,161942,161972,161991,162021,162033,162052,162082,162096,162115,162145,162164,162194,162213,162231,162250,162268,162287,162303,162322,162349,162536,162555,162585,162604,162622,162641,162663,162682,162702,162721,162739,162758,162776,162795,162811,162830,162853,163087,163106,163125,163155,163174,163204,163223,163243,163262,163280,163299,163317,163336,163354,163373,163393,163412,163439,163630,163649,163679,163698,163714,163733,163753,163765,163784,163800,163819,163833,163852,163866,163885,163910,164127,164146,164168,164187,164207,164226,164242,164261,164277,164296,164320,164339,164357,164376,164394,164413,164431,164450,164462,164481,164504,164678,164686,164705,164717,164733,164752,164770,164789,164807,164819,164838,164854,164873,164891,164910,164924,164943,164968,165130,165149,165161,165180,165196,165215,165229,165248,165262,165281,165299,165318,165336,165355,165378,165644,165663,165693,165712,165726,165745,165763,165775,165791,165810,165832,165846,165865,165889,165903,165922,165942,165961,165975,165994,166008,166027,166047,166061,166080,166103,166286,166305,166335,166354,166370,166389,166409,166421,166440,166456,166475,166487,166506,166524,166543,166568,166713,166732,166750,166769,166783,166802,166814,166833,166847,166866,166891,167043,167062,167080,167099,167117,167131,167150,167168,167187,167201,167220,167234,167253,167276,167451,167470,167488,167507,167527,167546,167562,167581,167597,167616,167628,167647,167665,167686,167892,167911,167933,167952,167970,167989,168011,168030,168052,168064,168083,168103,168122,168140,168159,168182,168407,168426,168456,168475,168505,168524,168540,168559,168567,168583,168602,168620,168639,168657,168676,168692,168711,168727,168746,168773,168993,169012,169026,169045,169075,169094,169114,169133,169153,169172,169198,169217,169237,169256,169276,169295,169317,169336,169358,169379,169537,169545,169564,169594,169613,169631,169650,169668,169687,169705,169724,169749,169932,169951,169981,170000,170022,170034,170046,170065,170077,170096,170114,170126,170145,170163,170182,170196,170215,170237,170258,170428,170447,170477,170496,170516,170535,170549,170568,170580,170599,170613,170632,170652,170673,170824,170843,170873,170887,170899,170918,170934,170953,170965,170984,170998,171017,171033,171052,171077,171276,171295,171315,171334,171358,171377,171397,171416,171430,171449,171467,171486,171508,171524,171543,171557,171576,171599,171742,171761,171791,171810,171840,171859,171877,171896,171912,171931,171945,171964,171991,172154,172173,172203,172222,172240,172259,172277,172296,172312,172331,172354,172537,172556,172574,172586,172598,172617,172629,172648,172666,172685,172699,172718,172730,172749,172763,172782,172794,172813,172825,172844,172869,173078,173097,173115,173134,173152,173171,173185,173204,173226,173240,173259,173275,173287,173306,173320,173339,173351,173370,173384,173403,173421,173433,173452,173470,173489,173510,173684,173703,173721,173740,173764,173783,173799,173818,173832,173851,173869,173888,173906,173925,173952,174122,174130,174149,174179,174198,174218,174237,174261,174273,174292,174310,174322,174341,174355,174374,174394,174413,174446,174583,174602,174632,174651,174669,174688,174706,174718,174737,174753,174772,174788,174807,174832,174988,175007,175025,175044,175062,175081,175095,175114,175136,175155,175173,175192,175215,175416,175435,175465,175484,175506,175525,175545,175564,175586,175605,175625,175644,175666,175685,175705,175724,175753,175951,175970,175988,176007,176023,176042,176060,176079,176097,176116,176130,176149,176167,176186,176200,176219,176231,176250,176273,176422,176441,176459,176478,176494,176513,176529,176548,176564,176583,176601,176620,176643,176839,176858,176876,176895,176909,176928,176954,176973,176993,177012,177028,177047,177063,177082,177098,177117,177131,177150,177171,177310,177329,177345,177357,177376,177388,177407,177429,177448,177462,177481,177506,177693,177701,177720,177739,177755,177774,177788,177807,177825,177844,177856,177875,177893,177905,177917,177936,177952,177971,177989,178001,178020,178034,178053,178080,178249,178268,178284,178303,178321,178333,178345,178364,178384,178403,178421,178440,178456,178475,178491,178510,178518,178539,178667,178686,178698,178717,178731,178750,178762,178781,178795,178814,178837,178993,179012,179042,179061,179081,179093,179112,179130,179149,179167,179186,179206,179225,179241,179260,179287,179510,179529,179559,179578,179594,179613,179635,179654,179676,179692,179711,179723,179742,179760,179779,179791,179810,179826,179845,179872,180029,180048,180078,180097,180119,180138,180156,180175,180193,180212,180232,180251,180278,180455,180474,180504,180523,180545,180564,180580,180599,180615,180634,180650,180669,180681,180700,180721,180896,180915,180945,180964,180994,181013,181025,181044,181060,181079,181097,181109,181128,181140,181159,181182,181361,181380,181410,181429,181451,181467,181486,181512,181531,181555,181567,181586,181606,181625,181643,181662,181691,181887,181906,181936,181955,181975,181994,182006,182025,182047,182066,182082,182101,182119,182131,182150,182175,182369,182388,182418,182437,182445,182457,182469,182481,182493,182505,182517,182536,182548,182560,182572,182591,182603,182615,182627,182646,182658,182670,182682,182701,182720,182739,182751,182763,182775,182787,182799,182820,182960,182979,183009,183028,183044,183063,183077,183096,183112,183131,183145,183164,183178,183197,183222,183416,183435,183465,183484,183514,183533,183555,183574,183594,183613,183631,183650,183668,183687,183707,183726,183753,183893,183912,183926,183945,183961,183980,183994,184013,184029,184048,184062,184081,184097,184116,184141,184292,184311,184333,184352,184372,184391,184409,184428,184450,184464,184483,184507,184521,184540,184562,184581,184612,184857,184876,184906,184925,184955,184967,184979,184998,185028,185044,185063,185093,185112,185142,185161,185179,185198,185214,185233,185263,185286,185432,185451,185481,185500,185530,185549,185569,185588,185604,185623,185641,185660,185676,185695,185720,185901,185920,185938,185957,185975,185994,186008,186027,186049,186061,186073,186085,186097,186116,186134,186153,186167,186186,186211,186390,186409,186439,186458,186470,186489,186503,186522,186534,186553,186569,186588,186602,186621,186633,186652,186673,186873,186892,186922,186941,186953,186972,186990,187002,187021,187035,187054,187066,187085,187099,187118,187130,187149,187163,187182,187196,187215,187238,187412,187431,187449,187468,187490,187502,187521,187537,187556,187576,187588,187600,187619,187637,187656,187678,187690,187709,187734,187968,187987,188017,188035,188054,188076,188088,188107,188123,188142,188162,188174,188193,188215,188234,188252,188264,188283,188297,188316,188332,188351,188378,188521,188540,188556,188575,188591,188610,188624,188643,188661,188680,188698,188719,188907,188926,188940,188959,188973,188992,189006,189025,189039,189058,189080,189099,189113,189132,189155,189303,189322,189352,189371,189401,189420,189436,189455,189475,189494,189512,189526,189547,189762,189781,189811,189830,189860,189879,189895,189914,189934,189953,189971,189990,190008,190027,190043,190062,190085,190287,190306,190324,190343,190359,190378,190394,190413,190431,190450,190464,190483,190499,190518,190536,190555,190575,190587,190608,190767,190786,190806,190825,190851,190870,190892,190911,190923,190942,190956,190975,190991,191010,191026,191045,191061,191080,191105,191288,191307,191337,191356,191374,191393,191413,191432,191448,191467,191481,191500,191518,191530,191542,191561,191586,191786,191805,191835,191851,191870,191896,191915,191939,191958,191984,191996,192015,192033,192052,192068,192087,192103,192122,192145,192326,192345,192375,192394,192412,192431,192447,192467,192486,192500,192519,192537,192556,192574,192593,192620,192754,192773,192787,192806,192822,192841,192857,192876,192888,192907,192930,193122,193141,193149,193161,193173,193192,193204,193216,193228,193247,193259,193278,193290,193302,193321,193333,193352,193364,193383,193395,193414,193426,193438,193457,193469,193488,193500,193519,193540,193698,193717,193747,193766,193784,193803,193825,193844,193860,193879,193899,193918,193947,194116,194135,194165,194184,194214,194233,194263,194282,194312,194331,194361,194384,194590,194609,194639,194658,194674,194693,194713,194725,194744,194760,194779,194795,194814,194830,194849,194865,194884,194911,195083,195102,195132,195151,195173,195192,195208,195220,195239,195255,195274,195286,195305,195317,195336,195350,195369,195392,195549,195568,195598,195610,195629,195645,195664,195678,195697,195711,195730,195749,195770,195957,195976,196006,196025,196045,196064,196080,196099,196115,196134,196148,196167,196183,196202,196218,196237,196262,196467,196475,196494,196524,196543,196561,196580,196596,196615,196627,196646,196664,196683,196697,196716,196730,196749,196770,196945,196964,196994,197013,197035,197054,197074,197093,197109,197128,197148,197167,197187,197206,197232,197251,197273,197292,197325,197563,197582,197602,197621,197645,197664,197688,197704,197723,197745,197764,197786,197805,197827,197846,197860,197879,197908,198117,198136,198166,198185,198193,198205,198217,198229,198241,198253,198272,198284,198296,198308,198320,198339,198351,198363,198375,198387,198406,198418,198430,198442,198454,198466,198485,198497,198509,198521,198533,198552,198564,198576,198595,198607,198626,198638,198650,198662,198683,198893,198912,198942,198961,198987,199006,199028,199040,199059,199075,199094,199118,199136,199148,199167,199183,199195,199214,199237,199408,199427,199457,199476,199506,199525,199541,199560,199580,199599,199622,199816,199835,199865,199884,199904,199923,199939,199958,199974,199993,200007,200026,200040,200059,200071,200090,200115,200295,200314,200344,200363,200381,200400,200420,200439,200457,200476,200492,200511,200529,200548,200575,200765,200784,200814,200833,200863,200882,200912,200931,200947,200966,200982,201001,201019,201038,201063,201220,201239,201269,201288,201306,201325,201343,201362,201380,201399,201417,201436,201461,201663,201682,201712,201731,201747,201766,201786,201805,201819,201838,201856,201875,201893,201912,201928,201947,201972,202180,202199,202229,202245,202264,202284,202303,202325,202344,202364,202383,202401,202420,202442,202458,202477,202495,202514,202532,202551,202580,202785,202804,202834,202853,202871,202890,202906,202925,202943,202962,202984,202996,203015,203031,203050,203066,203085,203105,203124,203144,203156,203175,203198,203383,203402,203432,203451,203471,203490,203506,203525,203545,203564,203582,203601,203615,203634,203655,203820,203839,203869,203888,203912,203931,203949,203968,203990,204009,204025,204044,204071,204255,204274,204304,204323,204339,204358,204374,204393,204407,204426,204438,204457,204471,204490,204506,204525,204543,204562,204583,204771,204790,204809,204829,204848,204868,204887,204899,204913,204932,204952,204971,204987,205006,205020,205039,205055,205076,205210,205229,205245,205264,205282,205301,205317,205336,205348,205367,205383,205402,205418,205437,205462,205586,205605,205623,205642,205662,205681,205697,205716,205732,205751,205772,205990,206009,206039,206058,206088,206107,206125,206137,206156,206176,206184,206203,206221,206240,206256,206275,206295,206314,206339,206518,206537,206557,206576,206596,206615,206629,206648,206666,206685,206699,206718,206730,206749,206774,206938,206957,206969,206988,207006,207025,207039,207058,207070,207089,207105,207124,207151,207323,207342,207362,207381,207401,207420,207436,207455,207469,207488,207504,207523,207541,207560,207574,207595,207733,207752,207764,207783,207799,207818,207836,207855,207873,207892,207904,207923,207941,207960,207985,208153,208172,208202,208221,208251,208270,208300,208319,208331,208350,208366,208385,208399,208418,208441,208639,208658,208688,208707,208721,208740,208758,208777,208793,208812,208830,208849,208867,208886,208902,208921,208939,208958,208974,208995,209186,209205,209235,209254,209274,209293,209312,209331,209350,209382,209394,209406,209418,209439,209644,209663,209693,209712,209742,209761,209781,209793,209812,209830,209849,209865,209884,209900,209919,209931,209950,209964,209985,210129,210148,210178,210190,210202,210214,210226,210245,210257,210269,210281,210300,210312,210324,210343,210359,210378,210399,210559,210578,210596,210615,210635,210654,210670,210689,210701,210720,210736,210755,210767,210786,210811,210966,210985,211015,211034,211052,211071,211087,211106,211120,211139,211153,211172,211188,211207,211232,211395,211414,211426,211445,211457,211476,211488,211507,211521,211540,211552,211571,211590,211602,211614,211633,211645,211664,211685,211858,211877,211907,211926,211944,211963,211979,211998,212018,212037,212059,212078,212096,212117,212329,212348,212378,212397,212427,212446,212476,212495,212525,212544,212574,212593,212623,212635,212647,212659,212678,212708,212729,212955,212974,212994,213013,213037,213056,213080,213099,213121,213140,213164,213183,213203,213222,213244,213263,213285,213304,213324,213336,213348
evals/results/skillret-agent-existing-vault-30-2026-06-04.json
  s_ad34c75736933e::t_4f9df369c6db5d 3,9,12,24,41,179,198,228,247,277,296,334,452,471,490,509,547,670,689,708,727,746,765,784,822,936,955,985,1004,1042,1237,1256,1286,1305,1335,1354,1384,1403,1433,1452,1490,1593,1612,1631,1661,1673,1685,1705,1839,1858,1877,1896,1926,1946,2064,2083,2113,2132,2170,2235,2256,2386,2405,2435,2454,2484,2503,2541,2656,2675,2694,2713,2732,2751,2781,2786,2789,2809,2925,2944,2974,2986,3006,3126,3145,3175,3194,3232,3379,3398,3417,3436,3455,3474,3493,3523,3535,3547,3567,3703,3722,3752,3771,3789,3808,3846,4011,4030,4049,4068,4087,4106,4125,4155,4193,4332,4351,4381,4400,4438,4560,4579,4598,4628,4647,4685,4827,4846,4865,4884,4914,4926,4945,4957,4977,5174,5193,5212,5231,5250,5269,5288,5307,5312,5315,5334,5342,5350,5358,5377,5396,5415,5453,5595,5614,5633,5663,5682,5690,5728,5846,5854,5859,5862,5867,5870,5875,5878,5897,5916,5928,5940,5960,6084,6092,6097,6100,6105,6108,6113,6116,6135,6154,6173,6203,6208,6211,6216,6219,6231,6236,6239,6269,6296,6417,6436,6466,6485,6515,6553,6664,6669,6672,6677,6680,6699,6718,6726,6756,6768,6784,6901,6909,6914,6917,6922,6925,6930,6933,6952,6971,6990,7009,7028,7058,7070,7090,7237,7242,7245,7250,7253,7261,7266,7269,7288,7307,7337,7356,7375,7405,7443,7565,7584,7603,7633,7652,7672,7804,7809,7812,7831,7850,7869,7899,7918,7948,7970,8124,8143,8162,8181,8200,8219,8249,8261,8273,8299-8300,8333
evals/results/skillret-agent-existing-vault-30-gpt55-2026-06-04.json
  s_ad34c75736933e::t_cb9167044909bd 3,9,12,25,42,219,238,254,273,293,305,324,340,359,377,396,412,431,457,589,608,638,657,673,692,716,851,870,900,919,933,952,970,989,1003,1022,1040,1060,1191,1210,1224,1243,1255,1274,1288,1307,1323,1342,1364,1535,1554,1566,1585,1597,1616,1628,1647,1666,1678,1690,1709,1721,1740,1752,1771,1783,1802,1814,1833,1853,2007,2026,2056,2075,2093,2112,2130,2149,2161,2180,2202,2375,2394,2412,2431,2447,2466,2484,2503,2521,2540,2560,2681,2700,2714,2733,2749,2768,2788,2963,2982,3012,3031,3045,3064,3078,3097,3109,3128,3148,3297,3316,3346,3365,3381,3400,3416,3435,3459,3638,3657,3687,3706,3736,3755,3785,3804,3834,3853,3883,3902,3932,3952,4100,4119,4133,4152,4166,4185,4205,4224,4246,4400,4419,4449,4461,4480,4492,4511,4529,4548,4576,4741,4760,4774,4793,4805,4824,4842,4861,4877,4896,4922,5088,5107,5137,5149,5168,5180,5199,5211,5223,5242,5254,5266,5286,5448,5467,5483,5502,5518,5537,5553,5572,5586,5605,5625,5744,5763,5779,5798,5822,6001,6020,6050,6069,6099,6111,6130,6146,6165,6195,6214,6232,6244,6256,6276,6444,6463,6481,6500,6514,6533,6549,6568,6586,6605,6631,6802,6821,6851,6870,6900,6919,6931,6950,6964,6983,6999,7018,7034,7054,7191,7210,7229,7248,7268,7287,7306,7328,7476,7484,7503,7522,7540,7560,7579,7605,7780,7799,7815,7834,7852,7864,7883,7899,7918,7932,7951,7967,7986,8008,8138,8157,8175,8194,8212,8231,8249,8268,8292,8491,8510,8526,8545,8559,8578,8596,8615,8637,8656,8668,8687,8705,8724,8744,8933,8952,8982,9001,9017,9036,9054,9073,9093,9112,9128,9147,9163,9182,9198,9217,9233,9253,9428,9447,9477,9496,9526,9545,9557,9576,9592,9606,9625,9639,9658,9680,9831,9850,9866,9885,9901,9920,9936,9955,9971,9990,10012,10178,10197,10216,10242,10254,10273,10292,10304,10323,10342,10361,10379,10401,10521,10540,10554,10573,10589,10608,10638-10639,10672
evals/results/skillret-test-keyword-2026-06-03.json
  s_ad34c75736933e::t_a09d71abd91711 3
evals/suites/kennen-core.yaml
  s_ad34c75736933e::t_84efa66bc5a98b 2-3,13-14,21,25,51-52,59,63,87-88,95,99,122-123,138-139,154-155,171-172,188-189,210-211,233-234,255-256,271-272,287-288,303-304,321-322,342-343,358-359,374-375,390-391
package-lock.json
  s_ad34c75736933e::t_5c281a498c7787 2,8,21
src/cli/commands/procedures.test.ts
  s_ad34c75736933e::t_4b2a4c5d9a5c99 549
src/core/prompts/__snapshots__/conflict-judge.test.ts.snap
  s_ad34c75736933e::t_e3f39758a19047 10,19,28
src/mcp/tools/procedures.test.ts
  s_ad34c75736933e::t_698c026230efcb 134-135,138,142,153,169,195,203,214,246,255,261,266,270,296,326,332,336,366,387,400,404,412,418,429,439,460,491,516,535,555,580,609,636,677,691,702,735,754,774,806,839,875,892,900,913,931,942,951,953
tools/check-kennen-config.mjs
  s_ad34c75736933e::t_93aa6c27fb6e7b 6,10,16-17,21,38,63-64,69,84,96
---
{
  "schema_version": "authorship/3.0.0",
  "git_ai_version": "1.7.5",
  "base_commit_sha": "286a30df83ab28e153369302e9843aeb1a663f69",
  "prompts": {},
  "sessions": {
    "s_ad34c75736933e": {
      "agent_id": {
        "tool": "claude",
        "id": "2b3efe81-3327-413e-b2cf-d68f17808adc",
        "model": "claude-opus-5-5"
      },
      "human_author": "Minsu Lee <amond@amond.net>"
    }
  }
}